time,y_real,y_int,y_bool,y_over
0,0,0,1,0
0.01,0,0,1,0
0.02,0.01999966667,0,0,0
0.03,0.03999733338,0,0,0
0.04,0.0599910004,0,0,0
0.05,0.07997866838,0,0,0
0.06,0.09995833854,0,0,0
0.07,0.119928013,0,0,0
0.08,0.1398856947,0,0,0
0.09,0.1598293879,0,0,0
0.1,0.1797570984,0,0,0
0.11,0.1996668333,0,0,0
0.12,0.2195566016,0,0,0
0.13,0.2394244146,0,0,0
0.14,0.2592682852,0,0,0
0.15,0.2790862292,0,0,0
0.16,0.298876265,0,0,0
0.17,0.3186364132,0,0,0
0.18,0.3383646982,0,0,0
0.19,0.3580591468,0,0,0
0.2,0.37771779,0,0,0
0.21,0.3973386616,0,0,0
0.22,0.4169197996,0,0,0
0.23,0.4364592462,0,0,0
0.24,0.455955047,0,0,0
0.25,0.4754052528,0,0,0
0.26,0.4948079186,0,0,0
0.27,0.5141611038,0,0,0
0.28,0.5334628734,0,0,0
0.29,0.5527112972,0,0,0
0.3,0.5719044502,0,0,0
0.31,0.5910404134,0,0,0
0.32,0.6101172728,0,0,0
0.33,0.6291331212,0,0,0
0.34,0.6480860568,0,0,0
0.35,0.6669741842,0,0,0
0.36,0.685795615,0,0,0
0.37,0.7045484666,0,0,0
0.38,0.723230864,0,0,0
0.39,0.7418409388,0,0,0
0.4,0.7603768302,0,0,0
0.41,0.7788366846,0,0,0
0.42,0.797218656,0,0,0
0.43,0.8155209062,0,0,0
0.44,0.8337416048,0,0,0
0.45,0.8518789302,0,0,0
0.46,0.8699310682,0,0,0
0.47,0.887896214,0,0,0
0.48,0.9057725708,0,0,0
0.49,0.923558351,0,0,0
0.5,0.9412517764,0,0,0
0.51,0.9588510772,0,0,0
0.52,0.9763544938,0,0,0
0.53,0.9937602756,0,0,0
0.54,1.011066682,0,0,1
0.55,1.028271983,0,0,1
0.56,1.045374458,0,0,1
0.57,1.062372396,0,0,1
0.58,1.079264097,0,0,1
0.59,1.096047874,0,0,1
0.6,1.112722046,0,0,1
0.61,1.129284947,0,0,1
0.62,1.14573492,0,0,1
0.63,1.162070321,0,0,1
0.64,1.178289516,0,0,1
0.65,1.194390883,0,0,1
0.66,1.210372811,0,0,1
0.67,1.226233704,0,0,1
0.68,1.241971974,0,0,1
0.69,1.257586048,0,0,1
0.7,1.273074364,0,0,1
0.71,1.288435374,0,0,1
0.72,1.303667542,0,0,1
0.73,1.318769344,0,0,1
0.74,1.33373927,0,0,1
0.75,1.348575823,0,0,1
0.76,1.36327752,0,0,1
0.77,1.37784289,0,0,1
0.78,1.392270477,0,0,1
0.79,1.406558838,0,0,1
0.8,1.420706545,0,0,1
0.81,1.434712182,0,0,1
0.82,1.448574349,0,0,1
0.83,1.462291659,0,0,1
0.84,1.475862742,0,0,1
0.85,1.48928624,0,0,1
0.86,1.50256081,0,0,1
0.87,1.515685126,0,0,1
0.88,1.528657874,0,0,1
0.89,1.541477758,0,0,1
0.9,1.554143495,0,0,1
0.91,1.566653819,0,0,1
0.92,1.579007479,0,0,1
0.93,1.59120324,0,0,1
0.94,1.603239882,0,0,1
0.95,1.615116201,0,0,1
0.96,1.62683101,0,0,1
0.97,1.638383137,0,0,1
0.98,1.649771427,0,0,1
0.99,1.660994741,0,0,1
1,1.672051957,0,0,1
1.01,1.68294197,1,0,1
1.02,1.693663689,1,0,1
1.03,1.704216044,1,0,1
1.04,1.714597978,1,0,1
1.05,1.724808454,1,0,1
1.06,1.734846451,1,0,1
1.07,1.744710965,1,0,1
1.08,1.754401009,1,0,1
1.09,1.763915614,1,0,1
1.1,1.773253829,1,0,1
1.11,1.78241472,1,0,1
1.12,1.791397371,1,0,1
1.13,1.800200884,1,0,1
1.14,1.808824379,1,0,1
1.15,1.817266992,1,0,1
1.16,1.825527881,1,0,1
1.17,1.833606218,1,0,1
1.18,1.841501195,1,0,1
1.19,1.849212025,1,0,1
1.2,1.856737934,1,0,1
1.21,1.864078172,1,0,1
1.22,1.871232003,1,0,1
1.23,1.878198713,1,0,1
1.24,1.884977604,1,0,1
1.25,1.891567999,1,0,1
1.26,1.897969239,1,0,1
1.27,1.904180683,1,0,1
1.28,1.910201711,1,0,1
1.29,1.916031721,1,0,1
1.3,1.921670128,1,0,1
1.31,1.927116371,1,0,1
1.32,1.932369903,1,0,1
1.33,1.9374302,1,0,1
1.34,1.942296756,1,0,1
1.35,1.946969083,1,0,1
1.36,1.951446716,1,0,1
1.37,1.955729205,1,0,1
1.38,1.959816123,1,0,1
1.39,1.963707061,1,0,1
1.4,1.96740163,1,0,1
1.41,1.97089946,1,0,1
1.42,1.974200202,1,0,1
1.43,1.977303526,1,0,1
1.44,1.980209121,1,0,1
1.45,1.982916696,1,0,1
1.46,1.985425982,1,0,1
1.47,1.987736727,1,0,1
1.48,1.9898487,1,0,1
1.49,1.991761689,1,0,1
1.5,1.993475504,1,0,1
1.51,1.994989973,1,0,1
1.52,1.996304945,1,0,1
1.53,1.997420288,1,0,1
1.54,1.998335891,1,0,1
1.55,1.999051661,1,0,1
1.56,1.999567528,1,0,1
1.57,1.99988344,1,0,1
1.58,1.999999366,1,0,1
1.59,1.999915293,1,0,1
1.6,1.99963123,1,0,1
1.61,1.999147206,1,0,1
1.62,1.998463269,1,0,1
1.63,1.997579487,1,0,1
1.64,1.996495949,1,0,1
1.65,1.995212763,1,0,1
1.66,1.993730057,1,0,1
1.67,1.99204798,1,0,1
1.68,1.9901667,1,0,1
1.69,1.988086404,1,0,1
1.7,1.985807302,1,0,1
1.71,1.983329621,1,0,1
1.72,1.980653608,1,0,1
1.73,1.977779532,1,0,1
1.74,1.974707679,1,0,1
1.75,1.971438358,1,0,1
1.76,1.967971894,1,0,1
1.77,1.964308634,1,0,1
1.78,1.960448946,1,0,1
1.79,1.956393214,1,0,1
1.8,1.952141844,1,0,1
1.81,1.947695262,1,0,1
1.82,1.943053912,1,0,1
1.83,1.938218258,1,0,1
1.84,1.933188784,1,0,1
1.85,1.927965992,1,0,1
1.86,1.922550406,1,0,1
1.87,1.916942566,1,0,1
1.88,1.911143034,1,0,1
1.89,1.905152389,1,0,1
1.9,1.89897123,1,0,1
1.91,1.892600175,1,0,1
1.92,1.886039863,1,0,1
1.93,1.879290947,1,0,1
1.94,1.872354105,1,0,1
1.95,1.865230028,1,0,1
1.96,1.85791943,1,0,1
1.97,1.850423042,1,0,1
1.98,1.842741612,1,0,1
1.99,1.834875911,1,0,1
2,1.826826723,1,0,1
2.01,1.818594854,2,0,1
2.02,1.810181127,2,0,1
2.03,1.801586383,2,0,1
2.04,1.792811482,2,0,1
2.05,1.783857302,2,0,1
2.06,1.774724737,2,0,1
2.07,1.765414702,2,0,1
2.08,1.755928126,2,0,1
2.09,1.746265959,2,0,1
2.1,1.736429167,2,0,1
2.11,1.726418733,2,0,1
2.12,1.716235659,2,0,1
2.13,1.705880963,2,0,1
2.14,1.69535568,2,0,1
2.15,1.684660863,2,0,1
2.16,1.673797582,2,0,1
2.17,1.662766922,2,0,1
2.18,1.651569986,2,0,1
2.19,1.640207895,2,0,1
2.2,1.628681785,2,0,1
2.21,1.616992808,2,0,1
2.22,1.605142132,2,0,1
2.23,1.593130944,2,0,1
2.24,1.580960445,2,0,1
2.25,1.56863185,2,0,1
2.26,1.556146394,2,0,1
2.27,1.543505324,2,0,1
2.28,1.530709905,2,0,1
2.29,1.517761416,2,0,1
2.3,1.504661153,2,0,1
2.31,1.491410424,2,0,1
2.32,1.478010556,2,0,1
2.33,1.464462888,2,0,1
2.34,1.450768775,2,0,1
2.35,1.436929586,2,0,1
2.36,1.422946706,2,0,1
2.37,1.408821532,2,0,1
2.38,1.394555477,2,0,1
2.39,1.380149967,2,0,1
2.4,1.365606444,2,0,1
2.41,1.350926361,2,0,1
2.42,1.336111187,2,0,1
2.43,1.321162403,2,0,1
2.44,1.306081503,2,0,1
2.45,1.290869997,2,0,1
2.46,1.275529404,2,0,1
2.47,1.26006126,2,0,1
2.48,1.244467111,2,0,1
2.49,1.228748516,2,0,1
2.5,1.212907047,2,0,1
2.51,1.196944288,2,0,1
2.52,1.180861836,2,0,1
2.53,1.164661299,2,0,1
2.54,1.148344297,2,0,1
2.55,1.131912461,2,0,1
2.56,1.115367435,2,0,1
2.57,1.098710873,2,0,1
2.58,1.081944441,2,0,1
2.59,1.065069815,2,0,1
2.6,1.048088683,2,0,1
2.61,1.031002744,2,0,1
2.62,1.013813704,2,0,1
2.63,0.9965232848,2,0,0
2.64,0.9791332136,2,0,0
2.65,0.96164523,2,0,0
2.66,0.9440610826,2,0,0
2.67,0.9263825298,2,0,0
2.68,0.9086113396,2,0,0
2.69,0.890749289,2,0,0
2.7,0.8727981644,2,0,0
2.71,0.8547597604,2,0,0
2.72,0.8366358814,2,0,0
2.73,0.8184283394,2,0,0
2.74,0.8001389552,2,0,0
2.75,0.7817695578,2,0,0
2.76,0.7633219842,2,0,0
2.77,0.7447980788,2,0,0
2.78,0.7261996944,2,0,0
2.79,0.7075286906,2,0,0
2.8,0.6887869346,2,0,0
2.81,0.6699763004,2,0,0
2.82,0.651098669,2,0,0
2.83,0.6321559284,2,0,0
2.84,0.6131499728,2,0,0
2.85,0.5940827026,2,0,0
2.86,0.5749560246,2,0,0
2.87,0.5557718516,2,0,0
2.88,0.5365321018,2,0,0
2.89,0.5172386994,2,0,0
2.9,0.4978935734,2,0,0
2.91,0.4784986584,2,0,0
2.92,0.459055894,2,0,0
2.93,0.4395672244,2,0,0
2.94,0.4200345986,2,0,0
2.95,0.4004599694,2,0,0
2.96,0.3808452948,2,0,0
2.97,0.3611925358,2,0,0
2.98,0.341503658,2,0,0
2.99,0.32178063,2,0,0
3,0.3020254242,2,0,0
3.01,0.2822400162,3,0,0
3.02,0.2624263844,3,0,0
3.03,0.24258651,3,0,0
3.04,0.2227223774,3,0,0
3.05,0.2028359726,3,0,0
3.06,0.1829292845,3,0,0
3.07,0.1630043035,3,0,0
3.08,0.1430630223,3,0,0
3.09,0.1231074349,3,0,0
3.1,0.1031395368,3,0,0
3.11,0.08316132486,3,0,0
3.12,0.06317479688,3,0,0
3.13,0.04318195146,3,0,0
3.14,0.02318478788,3,0,0
3.15,0.003185305832,3,0,0
3.16,-0.01681449473,3,1,0
3.17,-0.03681261386,3,1,0
3.18,-0.05680705176,3,1,0
3.19,-0.07679580902,3,1,0
3.2,-0.09677688674,3,1,0
3.21,-0.1167482869,3,1,0
3.22,-0.1367080122,3,1,0
3.23,-0.1566540669,3,1,0
3.24,-0.1765844564,3,1,0
3.25,-0.1964971875,3,1,0
3.26,-0.216390269,3,1,0
3.27,-0.2362617118,3,1,0
3.28,-0.2561095286,3,1,0
3.29,-0.2759317346,3,1,0
3.3,-0.2957263476,3,1,0
3.31,-0.3154913882,3,1,0
3.32,-0.33522488,3,1,0
3.33,-0.3549248496,3,1,0
3.34,-0.374589327,3,1,0
3.35,-0.3942163458,3,1,0
3.36,-0.4138039434,3,1,0
3.37,-0.4333501608,3,1,0
3.38,-0.4528530436,3,1,0
3.39,-0.4723106414,3,1,0
3.4,-0.4917210086,3,1,0
3.41,-0.511082204,3,1,0
3.42,-0.5303922918,3,1,0
3.43,-0.5496493406,3,1,0
3.44,-0.568851425,3,1,0
3.45,-0.5879966248,3,1,0
3.46,-0.6070830254,3,1,0
3.47,-0.6261087182,3,1,0
3.48,-0.6450718006,3,1,0
3.49,-0.6639703764,3,1,0
3.5,-0.6828025558,3,1,0
3.51,-0.7015664554,3,1,0
3.52,-0.720260199,3,1,0
3.53,-0.738881917,3,1,0
3.54,-0.7574297476,3,1,0
3.55,-0.7759018358,3,1,0
3.56,-0.7942963346,3,1,0
3.57,-0.8126114042,3,1,0
3.58,-0.8308452136,3,1,0
3.59,-0.848995939,3,1,0
3.6,-0.8670617656,3,1,0
3.61,-0.8850408866,3,1,0
3.62,-0.9029315044,3,1,0
3.63,-0.9207318296,3,1,0
3.64,-0.9384400826,3,1,0
3.65,-0.9560544922,3,1,0
3.66,-0.9735732974,3,1,0
3.67,-0.9909947458,3,1,0
3.68,-1.008317096,3,1,0
3.69,-1.025538615,3,1,0
3.7,-1.042657581,3,1,0
3.71,-1.059672282,3,1,0
3.72,-1.076581017,3,1,0
3.73,-1.093382094,3,1,0
3.74,-1.110073834,3,1,0
3.75,-1.126654568,3,1,0
3.76,-1.143122637,3,1,0
3.77,-1.159476395,3,1,0
3.78,-1.175714207,3,1,0
3.79,-1.191834448,3,1,0
3.8,-1.207835506,3,1,0
3.81,-1.223715782,3,1,0
3.82,-1.239473687,3,1,0
3.83,-1.255107646,3,1,0
3.84,-1.270616095,3,1,0
3.85,-1.285997484,3,1,0
3.86,-1.301250274,3,1,0
3.87,-1.31637294,3,1,0
3.88,-1.33136397,3,1,0
3.89,-1.346221865,3,1,0
3.9,-1.360945138,3,1,0
3.91,-1.375532318,3,1,0
3.92,-1.389981946,3,1,0
3.93,-1.404292577,3,1,0
3.94,-1.41846278,3,1,0
3.95,-1.432491138,3,1,0
3.96,-1.446376248,3,1,0
3.97,-1.460116722,3,1,0
3.98,-1.473711185,3,1,0
3.99,-1.487158278,3,1,0
4,-1.500456656,3,1,0
4.01,-1.513604991,4,1,0
4.02,-1.526601966,4,1,0
4.03,-1.539446282,4,1,0
4.04,-1.552136654,4,1,0
4.05,-1.564671814,4,1,0
4.06,-1.577050509,4,1,0
4.07,-1.5892715,4,1,0
4.08,-1.601333564,4,1,0
4.09,-1.613235497,4,1,0
4.1,-1.624976108,4,1,0
4.11,-1.636554222,4,1,0
4.12,-1.647968682,4,1,0
4.13,-1.659218347,4,1,0
4.14,-1.670302092,4,1,0
4.15,-1.681218807,4,1,0
4.16,-1.691967402,4,1,0
4.17,-1.702546802,4,1,0
4.18,-1.712955948,4,1,0
4.19,-1.723193801,4,1,0
4.2,-1.733259335,4,1,0
4.21,-1.743151545,4,1,0
4.22,-1.752869441,4,1,0
4.23,-1.762412052,4,1,0
4.24,-1.771778423,4,1,0
4.25,-1.780967617,4,1,0
4.26,-1.789978716,4,1,0
4.27,-1.798810819,4,1,0
4.28,-1.807463043,4,1,0
4.29,-1.815934521,4,1,0
4.3,-1.824224408,4,1,0
4.31,-1.832331873,4,1,0
4.32,-1.840256108,4,1,0
4.33,-1.847996317,4,1,0
4.34,-1.855551729,4,1,0
4.35,-1.862921588,4,1,0
4.36,-1.870105155,4,1,0
4.37,-1.877101714,4,1,0
4.38,-1.883910564,4,1,0
4.39,-1.890531024,4,1,0
4.4,-1.896962433,4,1,0
4.41,-1.903204148,4,1,0
4.42,-1.909255543,4,1,0
4.43,-1.915116015,4,1,0
4.44,-1.920784976,4,1,0
4.45,-1.926261861,4,1,0
4.46,-1.931546121,4,1,0
4.47,-1.936637228,4,1,0
4.48,-1.941534673,4,1,0
4.49,-1.946237966,4,1,0
4.5,-1.950746637,4,1,0
4.51,-1.955060235,4,1,0
4.52,-1.959178329,4,1,0
4.53,-1.963100506,4,1,0
4.54,-1.966826375,4,1,0
4.55,-1.970355563,4,1,0
4.56,-1.973687717,4,1,0
4.57,-1.976822504,4,1,0
4.58,-1.97975961,4,1,0
4.59,-1.982498742,4,1,0
4.6,-1.985039626,4,1,0
4.61,-1.987382007,4,1,0
4.62,-1.989525652,4,1,0
4.63,-1.991470346,4,1,0
4.64,-1.993215895,4,1,0
4.65,-1.994762123,4,1,0
4.66,-1.996108878,4,1,0
4.67,-1.997256022,4,1,0
4.68,-1.998203443,4,1,0
4.69,-1.998951046,4,1,0
4.7,-1.999498754,4,1,0
4.71,-1.999846515,4,1,0
4.72,-1.999994293,4,1,0
4.73,-1.999942073,4,1,0
4.74,-1.99968986,4,1,0
4.75,-1.99923768,4,1,0
4.76,-1.998585578,4,1,0
4.77,-1.997733619,4,1,0
4.78,-1.996681888,4,1,0
4.79,-1.995430491,4,1,0
4.8,-1.993979553,4,1,0
4.81,-1.992329218,4,1,0
4.82,-1.990479652,4,1,0
4.83,-1.988431039,4,1,0
4.84,-1.986183585,4,1,0
4.85,-1.983737515,4,1,0
4.86,-1.981093072,4,1,0
4.87,-1.978250522,4,1,0
4.88,-1.975210148,4,1,0
4.89,-1.971972255,4,1,0
4.9,-1.968537166,4,1,0
4.91,-1.964905225,4,1,0
4.92,-1.961076796,4,1,0
4.93,-1.95705226,4,1,0
4.94,-1.952832021,4,1,0
4.95,-1.9484165,4,1,0
4.96,-1.943806139,4,1,0
4.97,-1.939001399,4,1,0
4.98,-1.93400276,4,1,0
4.99,-1.928810723,4,1,0
5,-1.923425807,4,1,0
5.01,-1.917848549,5,1,0
5.02,-1.912079509,5,1,0
5.03,-1.906119261,5,1,0
5.04,-1.899968404,5,1,0
5.05,-1.893627551,5,1,0
5.06,-1.887097337,5,1,0
5.07,-1.880378415,5,1,0
5.08,-1.873471457,5,1,0
5.09,-1.866377153,5,1,0
5.1,-1.859096213,5,1,0
5.11,-1.851629365,5,1,0
5.12,-1.843977355,5,1,0
5.13,-1.836140949,5,1,0
5.14,-1.828120931,5,1,0
5.15,-1.819918102,5,1,0
5.16,-1.811533283,5,1,0
5.17,-1.802967312,5,1,0
5.18,-1.794221046,5,1,0
5.19,-1.785295359,5,1,0
5.2,-1.776191144,5,1,0
5.21,-1.766909311,5,1,0
5.22,-1.757450789,5,1,0
5.23,-1.747816524,5,1,0
5.24,-1.738007478,5,1,0
5.25,-1.728024633,5,1,0
5.26,-1.717868987,5,1,0
5.27,-1.707541555,5,1,0
5.28,-1.697043371,5,1,0
5.29,-1.686375484,5,1,0
5.3,-1.67553896,5,1,0
5.31,-1.664534884,5,1,0
5.32,-1.653364356,5,1,0
5.33,-1.642028493,5,1,0
5.34,-1.630528429,5,1,0
5.35,-1.618865313,5,1,0
5.36,-1.607040312,5,1,0
5.37,-1.595054608,5,1,0
5.38,-1.5829094,5,1,0
5.39,-1.570605902,5,1,0
5.4,-1.558145345,5,1,0
5.41,-1.545528975,5,1,0
5.42,-1.532758053,5,1,0
5.43,-1.519833857,5,1,0
5.44,-1.506757679,5,1,0
5.45,-1.493530826,5,1,0
5.46,-1.480154621,5,1,0
5.47,-1.466630402,5,1,0
5.48,-1.452959521,5,1,0
5.49,-1.439143346,5,1,0
5.5,-1.425183257,5,1,0
5.51,-1.411080651,5,1,0
5.52,-1.396836938,5,1,0
5.53,-1.382453543,5,1,0
5.54,-1.367931904,5,1,0
5.55,-1.353273472,5,1,0
5.56,-1.338479715,5,1,0
5.57,-1.32355211,5,1,0
5.58,-1.308492151,5,1,0
5.59,-1.293301345,5,1,0
5.6,-1.277981209,5,1,0
5.61,-1.262533276,5,1,0
5.62,-1.246959091,5,1,0
5.63,-1.231260211,5,1,0
5.64,-1.215438205,5,1,0
5.65,-1.199494658,5,1,0
5.66,-1.183431161,5,1,0
5.67,-1.167249323,5,1,0
5.68,-1.15095076,5,1,0
5.69,-1.134537104,5,1,0
5.7,-1.118009995,5,1,0
5.71,-1.101371085,5,1,0
5.72,-1.08462204,5,1,0
5.73,-1.067764533,5,1,0
5.74,-1.05080025,5,1,0
5.75,-1.033730889,5,1,0
5.76,-1.016558155,5,1,0
5.77,-0.9992837662,5,1,0
5.78,-0.98190945,5,1,0
5.79,-0.9644369434,5,1,0
5.8,-0.9468679942,5,1,0
5.81,-0.9292043588,5,1,0
5.82,-0.9114478038,5,1,0
5.83,-0.8936001048,5,1,0
5.84,-0.8756630466,5,1,0
5.85,-0.8576384226,5,1,0
5.86,-0.8395280356,5,1,0
5.87,-0.8213336966,5,1,0
5.88,-0.8030572248,5,1,0
5.89,-0.784700448,5,1,0
5.9,-0.7662652018,5,1,0
5.91,-0.7477533296,5,1,0
5.92,-0.7291666828,5,1,0
5.93,-0.71050712,5,1,0
5.94,-0.691776507,5,1,0
5.95,-0.672976717,5,1,0
5.96,-0.6541096298,5,1,0
5.97,-0.6351771322,5,1,0
5.98,-0.6161811174,5,1,0
5.99,-0.597123485,5,1,0
6,-0.5780061408,5,1,0
6.01,-0.5588309964,6,1,0
6.02,-0.5395999694,6,1,0
6.03,-0.5203149828,6,1,0
6.04,-0.5009779652,6,1,0
6.05,-0.4815908502,6,1,0
6.06,-0.4621555766,6,1,0
6.07,-0.4426740878,6,1,0
6.08,-0.4231483318,6,1,0
6.09,-0.4035802616,6,1,0
6.1,-0.3839718334,6,1,0
6.11,-0.3643250086,6,1,0
6.12,-0.3446417514,6,1,0
6.13,-0.3249240304,6,1,0
6.14,-0.3051738172,6,1,0
6.15,-0.285393087,6,1,0
6.16,-0.2655838178,6,1,0
6.17,-0.2457479902,6,1,0
6.18,-0.2258875882,6,1,0
6.19,-0.2060045974,6,1,0
6.2,-0.1861010065,6,1,0
6.21,-0.1661788056,6,1,0
6.22,-0.146239987,6,1,0
6.23,-0.1262865445,6,1,0
6.24,-0.1063204734,6,1,0
6.25,-0.08634377042,6,1,0
6.26,-0.0663584331,6,1,0
6.27,-0.04636645998,6,1,0
6.28,-0.02636985026,6,1,0
6.29,-0.006370603586,6,1,0
6.3,0.01362928015,6,0,0
6.31,0.03362780096,6,0,0
6.32,0.05362295904,6,0,0
6.33,0.07361275486,6,0,0
6.34,0.09359518946,6,0,0
6.35,0.1135682646,6,0,0
6.36,0.133529983,6,0,0
6.37,0.1534783486,6,0,0
6.38,0.1734113664,6,0,0
6.39,0.1933270433,6,0,0
6.4,0.2132233876,6,0,0
6.41,0.2330984098,6,0,0
6.42,0.2529501222,6,0,0
6.43,0.2727765398,6,0,0
6.44,0.2925756802,6,0,0
6.45,0.312345563,6,0,0
6.46,0.3320842118,6,0,0
6.47,0.3517896522,6,0,0
6.48,0.371459914,6,0,0
6.49,0.3910930302,6,0,0
6.5,0.4106870374,6,0,0
6.51,0.4302399762,6,0,0
6.52,0.4497498914,6,0,0
6.53,0.4692148318,6,0,0
6.54,0.4886328514,6,0,0
6.55,0.508002008,6,0,0
6.56,0.5273203648,6,0,0
6.57,0.54658599,6,0,0
6.58,0.565796957,6,0,0
6.59,0.5849513448,6,0,0
6.6,0.604047238,6,0,0
6.61,0.623082727,6,0,0
6.62,0.6420559082,6,0,0
6.63,0.6609648844,6,0,0
6.64,0.6798077646,6,0,0
6.65,0.6985826646,6,0,0
6.66,0.717287707,6,0,0
6.67,0.7359210212,6,0,0
6.68,0.7544807438,6,0,0
6.69,0.772965019,6,0,0
6.7,0.7913719984,6,0,0
6.71,0.8096998412,6,0,0
6.72,0.8279467148,6,0,0
6.73,0.8461107942,6,0,0
6.74,0.8641902634,6,0,0
6.75,0.8821833144,6,0,0
6.76,0.9000881476,6,0,0
6.77,0.9179029728,6,0,0
6.78,0.9356260084,6,0,0
6.79,0.9532554822,6,0,0
6.8,0.9707896314,6,0,0
6.81,0.9882267022,6,0,0
6.82,1.005564951,6,0,1
6.83,1.022802645,6,0,1
6.84,1.039938059,6,0,1
6.85,1.05696948,6,0,1
6.86,1.073895205,6,0,1
6.87,1.090713541,6,0,1
6.88,1.107422807,6,0,1
6.89,1.124021332,6,0,1
6.9,1.140507455,6,0,1
6.91,1.156879529,6,0,1
6.92,1.173135915,6,0,1
6.93,1.189274989,6,0,1
6.94,1.205295137,6,0,1
6.95,1.221194756,6,0,1
6.96,1.236972256,6,0,1
6.97,1.252626061,6,0,1
6.98,1.268154603,6,0,1
6.99,1.283556332,6,0,1
7,1.298829706,6,0,1
7.01,1.313973197,7,0,1
7.02,1.328985293,7,0,1
7.03,1.343864491,7,0,1
7.04,1.358609304,7,0,1
7.05,1.373218257,7,0,1
7.06,1.38768989,7,0,1
7.07,1.402022754,7,0,1
7.08,1.416215418,7,0,1
7.09,1.430266461,7,0,1
7.1,1.444174479,7,0,1
7.11,1.45793808,7,0,1
7.12,1.471555889,7,0,1
7.13,1.485026544,7,0,1
7.14,1.498348697,7,0,1
7.15,1.511521016,7,0,1
7.16,1.524542185,7,0,1
7.17,1.5374109,7,0,1
7.18,1.550125876,7,0,1
7.19,1.562685841,7,0,1
7.2,1.575089538,7,0,1
7.21,1.587335728,7,0,1
7.22,1.599423185,7,0,1
7.23,1.611350701,7,0,1
7.24,1.623117084,7,0,1
7.25,1.634721156,7,0,1
7.26,1.646161758,7,0,1
7.27,1.657437745,7,0,1
7.28,1.668547989,7,0,1
7.29,1.67949138,7,0,1
7.3,1.690266823,7,0,1
7.31,1.700873241,7,0,1
7.32,1.711309573,7,0,1
7.33,1.721574776,7,0,1
7.34,1.731667822,7,0,1
7.35,1.741587703,7,0,1
7.36,1.751333427,7,0,1
7.37,1.760904019,7,0,1
7.38,1.770298522,7,0,1
7.39,1.779515997,7,0,1
7.4,1.788555521,7,0,1
7.41,1.797416192,7,0,1
7.42,1.806097122,7,0,1
7.43,1.814597444,7,0,1
7.44,1.822916308,7,0,1
7.45,1.831052882,7,0,1
7.46,1.839006352,7,0,1
7.47,1.846775923,7,0,1
7.48,1.854360817,7,0,1
7.49,1.861760278,7,0,1
7.5,1.868973564,7,0,1
7.51,1.875999954,7,0,1
7.52,1.882838745,7,0,1
7.53,1.889489254,7,0,1
7.54,1.895950816,7,0,1
7.55,1.902222785,7,0,1
7.56,1.908304533,7,0,1
7.57,1.914195451,7,0,1
7.58,1.919894952,7,0,1
7.59,1.925402465,7,0,1
7.6,1.93071744,7,0,1
7.61,1.935839344,7,0,1
7.62,1.940767666,7,0,1
7.63,1.945501913,7,0,1
7.64,1.950041611,7,0,1
7.65,1.954386307,7,0,1
7.66,1.958535565,7,0,1
7.67,1.962488972,7,0,1
7.68,1.966246132,7,0,1
7.69,1.969806668,7,0,1
7.7,1.973170226,7,0,1
7.71,1.976336468,7,0,1
7.72,1.979305078,7,0,1
7.73,1.982075759,7,0,1
7.74,1.984648234,7,0,1
7.75,1.987022247,7,0,1
7.76,1.989197558,7,0,1
7.77,1.991173952,7,0,1
7.78,1.992951229,7,0,1
7.79,1.994529214,7,0,1
7.8,1.995907747,7,0,1
7.81,1.997086691,7,0,1
7.82,1.998065928,7,0,1
7.83,1.99884536,7,0,1
7.84,1.999424909,7,0,1
7.85,1.999804517,7,0,1
7.86,1.999984147,7,0,1
7.87,1.999963779,7,0,1
7.88,1.999743417,7,0,1
7.89,1.999323083,7,0,1
7.9,1.998702818,7,0,1
7.91,1.997882684,7,0,1
7.92,1.996862763,7,0,1
7.93,1.995643158,7,0,1
7.94,1.99422399,7,0,1
7.95,1.992605402,7,0,1
7.96,1.990787555,7,0,1
7.97,1.98877063,7,0,1
7.98,1.98655483,7,0,1
7.99,1.984140376,7,0,1
8,1.98152751,7,0,1
8.01,1.978716493,8,0,1
8.02,1.975707606,8,0,1
8.03,1.97250115,8,0,1
8.04,1.969097445,8,0,1
8.05,1.965496832,8,0,1
8.06,1.961699671,8,0,1
8.07,1.957706342,8,0,1
8.08,1.953517244,8,0,1
8.09,1.949132795,8,0,1
8.1,1.944553435,8,0,1
8.11,1.939779622,8,0,1
8.12,1.934811832,8,0,1
8.13,1.929650562,8,0,1
8.14,1.924296329,8,0,1
8.15,1.918749668,8,0,1
8.16,1.913011133,8,0,1
8.17,1.907081299,8,0,1
8.18,1.900960759,8,0,1
8.19,1.894650124,8,0,1
8.2,1.888150025,8,0,1
8.21,1.881461113,8,0,1
8.22,1.874584057,8,0,1
8.23,1.867519544,8,0,1
8.24,1.86026828,8,0,1
8.25,1.852830991,8,0,1
8.26,1.84520842,8,0,1
8.27,1.837401331,8,0,1
8.28,1.829410502,8,0,1
8.29,1.821236734,8,0,1
8.3,1.812880844,8,0,1
8.31,1.804343668,8,0,1
8.32,1.795626058,8,0,1
8.33,1.786728887,8,0,1
8.34,1.777653045,8,0,1
8.35,1.768399439,8,0,1
8.36,1.758968995,8,0,1
8.37,1.749362655,8,0,1
8.38,1.739581381,8,0,1
8.39,1.729626149,8,0,1
8.4,1.719497957,8,0,1
8.41,1.709197816,8,0,1
8.42,1.698726757,8,0,1
8.43,1.688085827,8,0,1
8.44,1.677276089,8,0,1
8.45,1.666298625,8,0,1
8.46,1.655154533,8,0,1
8.47,1.643844927,8,0,1
8.48,1.632370937,8,0,1
8.49,1.620733712,8,0,1
8.5,1.608934415,8,0,1
8.51,1.596974225,8,0,1
8.52,1.58485434,8,0,1
8.53,1.57257597,8,0,1
8.54,1.560140344,8,0,1
8.55,1.547548706,8,0,1
8.56,1.534802314,8,0,1
8.57,1.521902443,8,0,1
8.58,1.508850383,8,0,1
8.59,1.495647439,8,0,1
8.6,1.482294931,8,0,1
8.61,1.468794196,8,0,1
8.62,1.455146582,8,0,1
8.63,1.441353455,8,0,1
8.64,1.427416193,8,0,1
8.65,1.413336191,8,0,1
8.66,1.399114857,8,0,1
8.67,1.384753613,8,0,1
8.68,1.370253894,8,0,1
8.69,1.355617151,8,0,1
8.7,1.340844847,8,0,1
8.71,1.32593846,8,0,1
8.72,1.31089948,8,0,1
8.73,1.295729412,8,0,1
8.74,1.280429771,8,0,1
8.75,1.265002089,8,0,1
8.76,1.249447908,8,0,1
8.77,1.233768782,8,0,1
8.78,1.217966281,8,0,1
8.79,1.202041984,8,0,1
8.8,1.185997484,8,0,1
8.81,1.169834386,8,0,1
8.82,1.153554305,8,0,1
8.83,1.137158869,8,0,1
8.84,1.120649718,8,0,1
8.85,1.104028504,8,0,1
8.86,1.087296887,8,0,1
8.87,1.070456542,8,0,1
8.88,1.053509152,8,0,1
8.89,1.036456412,8,0,1
8.9,1.019300027,8,0,1
8.91,1.002041713,8,0,1
8.92,0.9846831956,8,0,0
8.93,0.9672262106,8,0,0
8.94,0.949672504,8,0,0
8.95,0.9320238308,8,0,0
8.96,0.914281956,8,0,0
8.97,0.8964486538,8,0,0
8.98,0.8785257076,8,0,0
8.99,0.8605149094,8,0,0
9,0.8424180606,8,0,0
9.01,0.8242369704,9,0,0
9.02,0.8059734574,9,0,0
9.03,0.7876293478,9,0,0
9.04,0.7692064758,9,0,0
9.05,0.7507066838,9,0,0
9.06,0.7321318218,9,0,0
9.07,0.7134837472,9,0,0
9.08,0.6947643248,9,0,0
9.09,0.6759754264,9,0,0
9.1,0.6571189312,9,0,0
9.11,0.6381967246,9,0,0
9.12,0.619210699,9,0,0
9.13,0.6001627528,9,0,0
9.14,0.5810547906,9,0,0
9.15,0.5618887236,9,0,0
9.16,0.5426664682,9,0,0
9.17,0.5233899466,9,0,0
9.18,0.5040610864,9,0,0
9.19,0.4846818206,9,0,0
9.2,0.4652540868,9,0,0
9.21,0.4457798282,9,0,0
9.22,0.426260992,9,0,0
9.23,0.4066995298,9,0,0
9.24,0.3870973982,9,0,0
9.25,0.3674565572,9,0,0
9.26,0.3477789708,9,0,0
9.27,0.3280666068,9,0,0
9.28,0.3083214364,9,0,0
9.29,0.288545434,9,0,0
9.3,0.2687405774,9,0,0
9.31,0.248908847,9,0,0
9.32,0.229052226,9,0,0
9.33,0.2091726998,9,0,0
9.34,0.1892722565,9,0,0
9.35,0.1693528862,9,0,0
9.36,0.1494165808,9,0,0
9.37,0.1294653338,9,0,0
9.38,0.1095011404,9,0,0
9.39,0.08952599696,9,0,0
9.4,0.069541901,9,0,0
9.41,0.0495508509,9,0,0
9.42,0.02955484578,9,0,0
9.43,0.00955588518,9,0,0
9.44,-0.01044403099,9,1,0
9.45,-0.03044290278,9,1,0
9.46,-0.05043873028,9,1,0
9.47,-0.07042951398,9,1,0
9.48,-0.09041325476,9,1,0
9.49,-0.1103879543,9,1,0
9.5,-0.1303516151,9,1,0
9.51,-0.1503022409,9,1,0
9.52,-0.1702378366,9,1,0
9.53,-0.1901564087,9,1,0
9.54,-0.2100559652,9,1,0
9.55,-0.2299345164,9,1,0
9.56,-0.2497900742,9,1,0
9.57,-0.2696206534,9,1,0
9.58,-0.2894242706,9,1,0
9.59,-0.3091989456,9,1,0
9.6,-0.328942701,9,1,0
9.61,-0.3486535624,9,1,0
9.62,-0.3683295588,9,1,0
9.63,-0.3879687226,9,1,0
9.64,-0.4075690896,9,1,0
9.65,-0.4271287002,9,1,0
9.66,-0.4466455984,9,1,0
9.67,-0.4661178322,9,1,0
9.68,-0.4855434548,9,1,0
9.69,-0.5049205232,9,1,0
9.7,-0.5242471002,9,1,0
9.71,-0.5435212528,9,1,0
9.72,-0.5627410538,9,1,0
9.73,-0.5819045812,9,1,0
9.74,-0.6010099184,9,1,0
9.75,-0.6200551554,9,1,0
9.76,-0.6390383872,9,1,0
9.77,-0.6579577158,9,1,0
9.78,-0.6768112492,9,1,0
9.79,-0.695597102,9,1,0
9.8,-0.7143133956,9,1,0
9.81,-0.7329582586,9,1,0
9.82,-0.7515298262,9,1,0
9.83,-0.7700262416,9,1,0
9.84,-0.7884456548,9,1,0
9.85,-0.8067862244,9,1,0
9.86,-0.8250461158,9,1,0
9.87,-0.8432235034,9,1,0
9.88,-0.8613165694,9,1,0
9.89,-0.8793235044,9,1,0
9.9,-0.8972425076,9,1,0
9.91,-0.9150717876,9,1,0
9.92,-0.932809561,9,1,0
9.93,-0.9504540542,9,1,0
9.94,-0.968003503,9,1,0
9.95,-0.985456152,9,1,0
9.96,-1.002810256,9,1,0
9.97,-1.02006408,9,1,0
9.98,-1.037215899,9,1,0
9.99,-1.054263997,9,1,0
10,-1.071206669,9,1,0
