time,T,heater
0,20,1
0.01,20.19950083,1
0.02,20.39800665,1
0.03,20.59552242,1
0.04,20.79205307,1
0.05,20.98760352,1
0.06,21.18217866,1
0.07,21.37578335,1
0.08,21.56842243,1
0.09,21.76010073,1
0.1,21.95082302,1
0.11,22.14059408,1
0.12,22.32941866,1
0.13,22.51730146,1
0.14,22.7042472,1
0.15,22.89026055,1
0.16,23.07534614,1
0.17,23.25950862,1
0.18,23.44275259,1
0.19,23.62508262,1
0.2,23.80650328,1
0.21,23.9870191,1
0.22,24.16663459,1
0.23,24.34535424,1
0.24,24.52318253,1
0.25,24.7001239,1
0.26,24.87618276,1
0.27,25.05136353,1
0.28,25.22567058,1
0.29,25.39910828,1
0.3,25.57168094,1
0.31,25.7433929,1
0.32,25.91424844,1
0.33,26.08425184,1
0.34,26.25340734,1
0.35,26.42171917,1
0.36,26.58919154,1
0.37,26.75582865,1
0.38,26.92163464,1
0.39,27.08661368,1
0.4,27.25076988,1
0.41,27.41410734,1
0.42,27.57663016,1
0.43,27.73834239,1
0.44,27.89924808,1
0.45,28.05935125,1
0.46,28.2186559,1
0.47,28.37716601,1
0.48,28.53488556,1
0.49,28.69181847,1
0.5,28.84796868,1
0.51,29.00334008,1
0.52,29.15793657,1
0.53,29.311762,1
0.54,29.46482023,1
0.55,29.61711507,1
0.56,29.76865034,1
0.57,29.91942983,1
0.58,30.0694573,1
0.59,30.2187365,1
0.6,30.36727117,1
0.61,30.51506502,1
0.62,30.66212175,1
0.63,30.80844503,1
0.64,30.95403852,1
0.65,31.09890585,1
0.66,31.24305066,1
0.67,31.38647655,1
0.68,31.52918709,1
0.69,31.67118586,1
0.7,31.81247641,1
0.71,31.95306227,1
0.72,32.09294696,1
0.73,32.23213396,1
0.74,32.37062677,1
0.75,32.50842885,1
0.76,32.64554363,1
0.77,32.78197455,1
0.78,32.91772502,1
0.79,33.05279843,1
0.8,33.18719816,1
0.81,33.32092757,1
0.82,33.45398999,1
0.83,33.58638877,1
0.84,33.71812721,1
0.85,33.84920859,1
0.86,33.97963621,1
0.87,34.10941332,1
0.88,34.23854316,1
0.89,34.36702896,1
0.9,34.49487394,1
0.91,34.62208128,1
0.92,34.74865418,1
0.93,34.87459579,1
0.94,34.99990927,1
0.95,35.12459774,1
0.96,35.24866433,1
0.97,35.37211213,1
0.98,35.49494423,1
0.99,35.61716371,1
1,35.73877361,1
1.01,35.85977698,1
1.02,35.98017685,1
1.03,36.09997622,1
1.04,36.21917808,1
1.05,36.33778543,1
1.06,36.45580121,1
1.07,36.57322839,1
1.08,36.69006991,1
1.09,36.80632867,1
1.1,36.92200758,1
1.11,37.03710955,1
1.12,37.15163745,1
1.13,37.26559413,1
1.14,37.37898245,1
1.15,37.49180525,1
1.16,37.60406534,1
1.17,37.71576553,1
1.18,37.82690861,1
1.19,37.93749737,1
1.2,38.04753456,1
1.21,38.15702293,1
1.22,38.26596524,1
1.23,38.37436419,1
1.24,38.4822225,1
1.25,38.58954286,1
1.26,38.69632796,1
1.27,38.80258047,1
1.28,38.90830304,1
1.29,39.01349832,1
1.3,39.11816893,1
1.31,39.2223175,1
1.32,39.32594662,1
1.33,39.42905889,1
1.34,39.53165689,1
1.35,39.63374318,1
1.36,39.73532031,1
1.37,39.83639082,1
1.38,39.93695724,1
1.39,40.03702208,1
1.4,40.13658785,1
1.41,40.23565703,1
1.42,40.3342321,1
1.43,40.43231553,1
1.44,40.52990976,1
1.45,40.62701724,1
1.46,40.7236404,1
1.47,40.81978164,1
1.48,40.91544338,1
1.49,41.010628,1
1.5,41.10533789,1
1.51,41.19957541,1
1.52,41.29334292,1
1.53,41.38664276,1
1.54,41.47947727,1
1.55,41.57184876,1
1.56,41.66375955,1
1.57,41.75521193,1
1.58,41.84620819,1
1.59,41.9367506,1
1.6,42.02684144,1
1.61,42.11648294,1
1.62,42.20567735,1
1.63,42.29442691,1
1.64,42.38273382,1
1.65,42.4706003,1
1.66,42.55802855,1
1.67,42.64502074,1
1.68,42.73157906,1
1.69,42.81770567,1
1.7,42.90340272,1
1.71,42.98867236,1
1.72,43.07351671,1
1.73,43.15793789,1
1.74,43.24193803,1
1.75,43.32551921,1
1.76,43.40868353,1
1.77,43.49143307,1
1.78,43.57376989,1
1.79,43.65569605,1
1.8,43.73721361,1
1.81,43.8183246,1
1.82,43.89903104,1
1.83,43.97933496,1
1.84,44.05923836,1
1.85,44.13874324,1
1.86,44.21785159,1
1.87,44.29656538,1
1.88,44.37488659,1
1.89,44.45281716,1
1.9,44.53035906,1
1.91,44.60751422,1
1.92,44.68428456,1
1.93,44.76067201,1
1.94,44.83667848,1
1.95,44.91230586,1
1.96,44.98755605,1
1.97,45.06243092,1
1.98,45.13693236,1
1.99,45.21106222,1
2,45.28482235,1
2.01,45.35821461,1
2.02,45.43124082,1
2.03,45.50390281,1
2.04,45.57620239,1
2.05,45.64814138,1
2.06,45.71972158,1
2.07,45.79094476,1
2.08,45.86181272,1
2.09,45.93232722,1
2.1,46.00249004,1
2.11,46.07230291,1
2.12,46.14176759,1
2.13,46.21088581,1
2.14,46.2796593,1
2.15,46.34808979,1
2.16,46.41617897,1
2.17,46.48392856,1
2.18,46.55134025,1
2.19,46.61841572,1
2.2,46.68515665,1
2.21,46.75156471,1
2.22,46.81764156,1
2.23,46.88338884,1
2.24,46.94880822,1
2.25,47.01390131,1
2.26,47.07866974,1
2.27,47.14311515,1
2.28,47.20723913,1
2.29,47.27104329,1
2.3,47.33452922,1
2.31,47.39769852,1
2.32,47.46055276,1
2.33,47.52309352,1
2.34,47.58532235,1
2.35,47.64724081,1
2.36,47.70885046,1
2.37,47.77015282,1
2.38,47.83114944,1
2.39,47.89184183,1
2.4,47.95223152,1
2.41,48.01232002,1
2.42,48.07210882,1
2.43,48.13159943,1
2.44,48.19079332,1
2.45,48.24969199,1
2.46,48.30829689,1
2.47,48.36660951,1
2.48,48.42463128,1
2.49,48.48236367,1
2.5,48.53980813,1
2.51,48.59696607,1
2.52,48.65383894,1
2.53,48.71042815,1
2.54,48.76673513,1
2.55,48.82276127,1
2.56,48.87850798,1
2.57,48.93397665,1
2.58,48.98916868,1
2.59,49.04408543,1
2.6,49.09872828,1
2.61,49.1530986,1
2.62,49.20719774,1
2.63,49.26102707,1
2.64,49.31458792,1
2.65,49.36788164,1
2.66,49.42090955,1
2.67,49.47367298,1
2.68,49.52617326,1
2.69,49.57841169,1
2.7,49.63038957,1
2.71,49.68210822,1
2.72,49.73356892,1
2.73,49.78477296,1
2.74,49.83572162,1
2.75,49.88641617,1
2.76,49.93685788,1
2.77,49.98704801,1
2.78,50.03698781,1
2.79,50.08667855,1
2.8,50.13612144,1
2.81,50.18531774,1
2.82,50.23426867,1
2.83,50.28297546,1
2.84,50.33143932,1
2.85,50.37966147,1
2.86,50.42764311,1
2.87,50.47538544,1
2.88,50.52288965,1
2.89,50.57015694,1
2.9,50.61718848,1
2.91,50.66398544,1
2.92,50.71054901,1
2.93,50.75688034,1
2.94,50.80298059,1
2.95,50.84885092,1
2.96,50.89449246,1
2.97,50.93990637,1
2.98,50.98509378,1
2.99,50.89647443,0
3,50.74237762,0
3.01,50.58904937,0
3.02,50.43648585,0
3.03,50.28468325,0
3.04,50.13363776,0
3.05,49.98334561,0
3.06,49.83380305,0
3.07,49.68500634,0
3.08,49.53695175,0
3.09,49.38963559,0
3.1,49.24305417,0
3.11,49.09720383,0
3.12,49.0181762,1
3.13,49.07294828,1
3.14,49.12744717,1
3.15,49.18167426,1
3.16,49.23563088,1
3.17,49.2893184,1
3.18,49.34273815,1
3.19,49.39589146,1
3.2,49.44877967,1
3.21,49.5014041,1
3.22,49.55376607,1
3.23,49.60586688,1
3.24,49.65770783,1
3.25,49.70929023,1
3.26,49.76061536,1
3.27,49.8116845,1
3.28,49.86249894,1
3.29,49.91305994,1
3.3,49.96336876,1
3.31,50.01342667,1
3.32,50.06323491,1
3.33,50.11279473,1
3.34,50.16210737,1
3.35,50.21117407,1
3.36,50.25999604,1
3.37,50.30857451,1
3.38,50.3569107,1
3.39,50.40500581,1
3.4,50.45286104,1
3.41,50.5004776,1
3.42,50.54785666,1
3.43,50.59499942,1
3.44,50.64190706,1
3.45,50.68858074,1
3.46,50.73502164,1
3.47,50.78123091,1
3.48,50.82720971,1
3.49,50.8729592,1
3.5,50.9184805,1
3.51,50.96377477,1
3.52,50.96954032,0
3.53,50.8150791,0
3.54,50.66138825,0
3.55,50.50846394,0
3.56,50.35630234,0
3.57,50.20489965,0
3.58,50.05425208,0
3.59,49.90435588,0
3.6,49.75520728,0
3.61,49.60680256,0
3.62,49.45913802,0
3.63,49.31220995,0
3.64,49.1660147,0
3.65,49.02054859,0
3.66,49.04710731,1
3.67,49.10173509,1
3.68,49.15609041,1
3.69,49.21017464,1
3.7,49.26398912,1
3.71,49.31753519,1
3.72,49.37081421,1
3.73,49.42382749,1
3.74,49.47657637,1
3.75,49.52906217,1
3.76,49.58128619,1
3.77,49.63324974,1
3.78,49.68495412,1
3.79,49.73640063,1
3.8,49.78759055,1
3.81,49.83852515,1
3.82,49.88920572,1
3.83,49.93963351,1
3.84,49.9898098,1
3.85,50.03973583,1
3.86,50.08941286,1
3.87,50.13884212,1
3.88,50.18802485,1
3.89,50.23696228,1
3.9,50.28565563,1
3.91,50.33410613,1
3.92,50.38231497,1
3.93,50.43028338,1
3.94,50.47801254,1
3.95,50.52550365,1
3.96,50.5727579,1
3.97,50.61977646,1
3.98,50.66656052,1
3.99,50.71311125,1
4,50.7594298,1
4.01,50.80551733,1
4.02,50.85137501,1
4.03,50.89700396,1
4.04,50.94240535,1
4.05,50.98758029,1
4.06,50.8879525,0
4.07,50.7338982,0
4.08,50.58061224,0
4.09,50.4280908,0
4.1,50.27633006,0
4.11,50.12532624,0
4.12,49.97507555,0
4.13,49.82557423,0
4.14,49.67681856,0
4.15,49.52880481,0
4.16,49.38152928,0
4.17,49.23498829,0
4.18,49.08917818,0
4.19,49.02120523,1
4.2,49.0759622,1
4.21,49.13044606,1
4.22,49.18465819,1
4.23,49.23859993,1
4.24,49.29227264,1
4.25,49.34567765,1
4.26,49.39881631,1
4.27,49.45168993,1
4.28,49.50429985,1
4.29,49.55664737,1
4.3,49.60873381,1
4.31,49.66056047,1
4.32,49.71212864,1
4.33,49.76343961,1
4.34,49.81449467,1
4.35,49.86529509,1
4.36,49.91584214,1
4.37,49.96613708,1
4.38,50.01618118,1
4.39,50.06597569,1
4.4,50.11552184,1
4.41,50.16482088,1
4.42,50.21387404,1
4.43,50.26268255,1
4.44,50.31124762,1
4.45,50.35957048,1
4.46,50.40765232,1
4.47,50.45549435,1
4.48,50.50309777,1
4.49,50.55046377,1
4.5,50.59759353,1
4.51,50.64448823,1
4.52,50.69114904,1
4.53,50.73757712,1
4.54,50.78377365,1
4.55,50.82973977,1
4.56,50.87547664,1
4.57,50.92098539,1
4.58,50.96626716,1
4.59,50.96099824,0
4.6,50.80657962,0
4.61,50.65293116,0
4.62,50.50004903,0
4.63,50.3479294,0
4.64,50.19656847,0
4.65,50.04596246,0
4.66,49.8961076,0
4.67,49.74700014,0
4.68,49.59863635,0
4.69,49.45101254,0
4.7,49.304125,0
4.71,49.15797007,0
4.72,49.01254409,0
4.73,49.05012836,1
4.74,49.10474107,1
4.75,49.1590814,1
4.76,49.21315071,1
4.77,49.26695034,1
4.78,49.32048165,1
4.79,49.37374597,1
4.8,49.42674464,1
4.81,49.47947897,1
4.82,49.53195028,1
4.83,49.5841599,1
4.84,49.63610912,1
4.85,49.68779924,1
4.86,49.73923156,1
4.87,49.79040735,1
4.88,49.84132791,1
4.89,49.8919945,1
4.9,49.94240838,1
4.91,49.99257083,1
4.92,50.04248309,1
4.93,50.09214642,1
4.94,50.14156204,1
4.95,50.19073121,1
4.96,50.23965514,1
4.97,50.28833506,1
4.98,50.33677219,1
4.99,50.38496774,1
5,50.43292292,1
5.01,50.48063891,1
5.02,50.52811692,1
5.03,50.57535814,1
5.04,50.62236373,1
5.05,50.66913489,1
5.06,50.71567277,1
5.07,50.76197855,1
5.08,50.80805337,1
5.09,50.8538984,1
5.1,50.89951477,1
5.11,50.94490363,1
5.12,50.99006611,1
5.13,50.87943292,0
5.14,50.72542111,0
5.15,50.57217743,0
5.16,50.41969806,0
5.17,50.26797918,0
5.18,50.11701701,0
5.19,49.96680776,0
5.2,49.81734768,0
5.21,49.66863304,0
5.22,49.52066012,0
5.23,49.37342521,0
5.24,49.22692464,0
5.25,49.08115474,0
5.26,49.02423342,1
5.27,49.07897529,1
5.28,49.13344413,1
5.29,49.1876413,1
5.3,49.24156816,1
5.31,49.29522607,1
5.32,49.34861635,1
5.33,49.40174035,1
5.34,49.45459939,1
5.35,49.50719479,1
5.36,49.55952788,1
5.37,49.61159995,1
5.38,49.66341231,1
5.39,49.71496626,1
5.4,49.76626308,1
5.41,49.81730405,1
5.42,49.86809046,1
5.43,49.91862357,1
5.44,49.96890464,1
5.45,50.01893494,1
5.46,50.06871571,1
5.47,50.1182482,1
5.48,50.16753364,1
5.49,50.21657327,1
5.5,50.26536832,1
5.51,50.31391999,1
5.52,50.36222952,1
5.53,50.4102981,1
5.54,50.45812694,1
5.55,50.50571723,1
5.56,50.55307016,1
5.57,50.60018692,1
5.58,50.64706868,1
5.59,50.69371662,1
5.6,50.74013191,1
5.61,50.78631569,1
5.62,50.83226913,1
5.63,50.87799338,1
5.64,50.92348958,1
5.65,50.96875886,1
5.66,50.95245852,0
5.67,50.79808249,0
5.68,50.64447641,0
5.69,50.49163644,0
5.7,50.33955877,0
5.71,50.18823959,0
5.72,50.03767512,0
5.73,49.88786159,0
5.74,49.73879526,0
5.75,49.5904724,0
5.76,49.4428893,0
5.77,49.29604228,0
5.78,49.14992766,0
5.79,49.00454179,0
5.8,49.05314857,1
5.81,49.10774622,1
5.82,49.16207157,1
5.83,49.21612596,1
5.84,49.26991076,1
5.85,49.3234273,1
5.86,49.37667693,1
5.87,49.42966097,1
5.88,49.48238076,1
5.89,49.5348376,1
5.9,49.58703282,1
5.91,49.63896771,1
5.92,49.69064357,1
5.93,49.7420617,1
5.94,49.79322338,1
5.95,49.84412989,1
5.96,49.89478251,1
5.97,49.94518249,1
5.98,49.9953311,1
5.99,50.0452296,1
6,50.09487922,1
6.01,50.14428122,1
6.02,50.19343682,1
6.03,50.24234726,1
6.04,50.29101375,1
6.05,50.33943752,1
6.06,50.38761978,1
6.07,50.43556173,1
6.08,50.48326456,1
6.09,50.53072948,1
6.1,50.57795766,1
6.11,50.62495029,1
6.12,50.67170855,1
6.13,50.7182336,1
6.14,50.7645266,1
6.15,50.81058872,1
6.16,50.8564211,1
6.17,50.90202489,1
6.18,50.94740123,1
6.19,50.99255125,1
6.2,50.8709157,0
6.21,50.71694636,0
6.22,50.56374495,0
6.23,50.41130764,0
6.24,50.25963061,0
6.25,50.10871007,0
6.26,49.95854225,0
6.27,49.8091234,0
6.28,49.66044978,0
6.29,49.51251767,0
6.3,49.36532337,0
6.31,49.21886321,0
6.32,49.07313352,0
6.33,49.02726078,1
6.34,49.08198755,1
6.35,49.13644136,1
6.36,49.19062359,1
6.37,49.24453558,1
6.38,49.29817868,1
6.39,49.35155424,1
6.4,49.40466358,1
6.41,49.45750804,1
6.42,49.51008894,1
6.43,49.56240759,1
6.44,49.6144653,1
6.45,49.66626337,1
6.46,49.7178031,1
6.47,49.76908577,1
6.48,49.82011266,1
6.49,49.87088506,1
6.5,49.92140424,1
6.51,49.97167144,1
6.52,50.02168794,1
6.53,50.07145498,1
6.54,50.1209738,1
6.55,50.17024565,1
6.56,50.21927176,1
6.57,50.26805334,1
6.58,50.31659163,1
6.59,50.36488783,1
6.6,50.41294315,1
6.61,50.4607588,1
6.62,50.50833596,1
6.63,50.55567583,1
6.64,50.6027796,1
6.65,50.64964843,1
6.66,50.6962835,1
6.67,50.74268598,1
6.68,50.78885703,1
6.69,50.83479779,1
6.7,50.88050943,1
6.71,50.92599308,1
6.72,50.97124988,1
6.73,50.94392115,0
6.74,50.7895877,0
6.75,50.63602399,0
6.76,50.48322618,0
6.77,50.33119045,0
6.78,50.17991301,0
6.79,50.02939007,0
6.8,49.87961786,0
6.81,49.73059264,0
6.82,49.58231069,0
6.83,49.4347683,0
6.84,49.28796178,0
6.85,49.14188747,0
6.86,49.00131177,1
6.87,49.05616796,1
6.88,49.11075055,1
6.89,49.16506091,1
6.9,49.21910039,1
6.91,49.27287035,1
6.92,49.32637213,1
6.93,49.37960707,1
6.94,49.4325765,1
6.95,49.48528175,1
6.96,49.53772413,1
6.97,49.58990494,1
6.98,49.64182551,1
6.99,49.69348712,1
7,49.74489107,1
7.01,49.79603864,1
7.02,49.84693111,1
7.03,49.89756975,1
7.04,49.94795583,1
7.05,49.99809061,1
7.06,50.04797534,1
7.07,50.09761127,1
7.08,50.14699964,1
7.09,50.19614168,1
7.1,50.24503863,1
7.11,50.29369171,1
7.12,50.34210212,1
7.13,50.39027109,1
7.14,50.43819981,1
7.15,50.48588949,1
7.16,50.53334131,1
7.17,50.58055647,1
7.18,50.62753614,1
7.19,50.6742815,1
7.2,50.72079371,1
7.21,50.76707395,1
7.22,50.81312336,1
7.23,50.8589431,1
7.24,50.90453431,1
7.25,50.94989813,1
7.26,50.9950357,1
7.27,50.86240082,0
7.28,50.70847395,0
7.29,50.5553148,0
7.3,50.40291953,0
7.31,50.25128434,0
7.32,50.10040543,0
7.33,49.95027903,0
7.34,49.80090139,0
7.35,49.65226877,0
7.36,49.50437746,0
7.37,49.35722377,0
7.38,49.210804,0
7.39,49.06511451,0
7.4,49.03028731,1
7.41,49.08499898,1
7.42,49.13943777,1
7.43,49.19360505,1
7.44,49.24750217,1
7.45,49.30113048,1
7.46,49.35449131,1
7.47,49.40758601,1
7.48,49.46041589,1
7.49,49.51298229,1
7.5,49.56528651,1
7.51,49.61732986,1
7.52,49.66911364,1
7.53,49.72063915,1
7.54,49.77190768,1
7.55,49.8229205,1
7.56,49.8736789,1
7.57,49.92418413,1
7.58,49.97443748,1
7.59,50.02444018,1
7.6,50.07419349,1
7.61,50.12369866,1
7.62,50.17295691,1
7.63,50.2219695,1
7.64,50.27073763,1
7.65,50.31926253,1
7.66,50.36754541,1
7.67,50.41558747,1
7.68,50.46338993,1
7.69,50.51095397,1
7.7,50.55828079,1
7.71,50.60537156,1
7.72,50.65222746,1
7.73,50.69884967,1
7.74,50.74523935,1
7.75,50.79139766,1
7.76,50.83732576,1
7.77,50.88302479,1
7.78,50.92849589,1
7.79,50.97374021,1
7.8,50.93538613,0
7.81,50.78109525,0
7.82,50.6275739,0
7.83,50.47481823,0
7.84,50.32282444,0
7.85,50.17158873,0
7.86,50.0211073,0
7.87,49.8713764,0
7.88,49.72239229,0
7.89,49.57415124,0
7.9,49.42664955,0
7.91,49.27988352,0
7.92,49.13384949,0
7.93,49.00434545,1
7.94,49.05918651,1
7.95,49.11375404,1
7.96,49.16804942,1
7.97,49.222074,1
7.98,49.27582913,1
7.99,49.32931615,1
8,49.38253641,1
8.01,49.43549123,1
8.02,49.48818194,1
8.03,49.54060985,1
8.04,49.59277628,1
8.05,49.64468252,1
8.06,49.69632988,1
8.07,49.74771965,1
8.08,49.79885311,1
8.09,49.84973155,1
8.1,49.90035622,1
8.11,49.95072841,1
8.12,50.00084936,1
8.13,50.05072033,1
8.14,50.10034257,1
8.15,50.14971732,1
8.16,50.19884581,1
8.17,50.24772927,1
8.18,50.29636892,1
8.19,50.34476598,1
8.2,50.39292166,1
8.21,50.44083716,1
8.22,50.48851369,1
8.23,50.53595242,1
8.24,50.58315456,1
8.25,50.63012127,1
8.26,50.67685374,1
8.27,50.72335312,1
8.28,50.76962059,1
8.29,50.8156573,1
8.3,50.8614644,1
8.31,50.90704304,1
8.32,50.95239435,1
8.33,50.99751947,1
8.34,50.85388829,0
8.35,50.70000388,0
8.36,50.54688697,0
8.37,50.39453373,0
8.38,50.24294037,0
8.39,50.09210307,0
8.4,49.94201808,0
8.41,49.79268164,0
8.42,49.64409002,0
8.43,49.49623951,0
8.44,49.3491264,0
8.45,49.20274702,0
8.46,49.05709771,0
8.47,49.03331299,1
8.48,49.08800957,1
8.49,49.14243335,1
8.5,49.19658569,1
8.51,49.25046795,1
8.52,49.30408146,1
8.53,49.35742758,1
8.54,49.41050763,1
8.55,49.46332294,1
8.56,49.51587484,1
8.57,49.56816463,1
8.58,49.62019363,1
8.59,49.67196313,1
8.6,49.72347443,1
8.61,49.77472881,1
8.62,49.82572756,1
8.63,49.87647196,1
8.64,49.92696327,1
8.65,49.97720275,1
8.66,50.02719166,1
8.67,50.07693125,1
8.68,50.12642276,1
8.69,50.17566743,1
8.7,50.22466649,1
8.71,50.27342117,1
8.72,50.32193269,1
8.73,50.37020225,1
8.74,50.41823106,1
8.75,50.46602034,1
8.76,50.51357126,1
8.77,50.56088502,1
8.78,50.6079628,1
8.79,50.65480578,1
8.8,50.70141513,1
8.81,50.74779202,1
8.82,50.7939376,1
8.83,50.83985303,1
8.84,50.88553945,1
8.85,50.93099801,1
8.86,50.97622985,1
8.87,50.92685347,0
8.88,50.77260515,0
8.89,50.61912614,0
8.9,50.46641261,0
8.91,50.31446074,0
8.92,50.16326674,0
8.93,50.01282682,0
8.94,49.86313722,0
8.95,49.7141942,0
8.96,49.56599404,0
8.97,49.41853303,0
8.98,49.27180748,0
8.99,49.12581373,0
9,49.00737829,1
9.01,49.06220422,1
9.02,49.11675671,1
9.03,49.17103711,1
9.04,49.22504679,1
9.05,49.27878709,1
9.06,49.33225936,1
9.07,49.38546494,1
9.08,49.43840516,1
9.09,49.49108133,1
9.1,49.54349478,1
9.11,49.59564682,1
9.12,49.64753875,1
9.13,49.69917186,1
9.14,49.75054746,1
9.15,49.80166682,1
9.16,49.85253121,1
9.17,49.90314193,1
9.18,49.95350022,1
9.19,50.00360734,1
9.2,50.05346456,1
9.21,50.10307311,1
9.22,50.15243424,1
9.23,50.20154918,1
9.24,50.25041916,1
9.25,50.29904539,1
9.26,50.34742911,1
9.27,50.39557151,1
9.28,50.44347379,1
9.29,50.49113717,1
9.3,50.53856282,1
9.31,50.58575193,1
9.32,50.63270569,1
9.33,50.67942526,1
9.34,50.72591183,1
9.35,50.77216653,1
9.36,50.81819054,1
9.37,50.86398501,1
9.38,50.90955107,1
9.39,50.95488988,1
9.4,50.99999121,0
9.41,50.84537811,0
9.42,50.69153614,0
9.43,50.53846146,0
9.44,50.38615025,0
9.45,50.2345987,0
9.46,50.08380301,0
9.47,49.93375941,0
9.48,49.78446416,0
9.49,49.63591353,0
9.5,49.48810379,0
9.51,49.34103126,0
9.52,49.19469226,0
9.53,49.04908312,0
9.54,49.03633785,1
9.55,49.09101934,1
9.56,49.14542811,1
9.57,49.19956551,1
9.58,49.2534329,1
9.59,49.30703163,1
9.6,49.36036303,1
9.61,49.41342844,1
9.62,49.46622919,1
9.63,49.51876659,1
9.64,49.57104196,1
9.65,49.62305661,1
9.66,49.67481183,1
9.67,49.72630892,1
9.68,49.77754917,1
9.69,49.82853385,1
9.7,49.87926425,1
9.71,49.92974163,1
9.72,49.97996725,1
9.73,50.02994238,1
9.74,50.07966825,1
9.75,50.12914611,1
9.76,50.1783772,1
9.77,50.22736274,1
9.78,50.27610398,1
9.79,50.32460211,1
9.8,50.37285836,1
9.81,50.42087393,1
9.82,50.46865002,1
9.83,50.51618782,1
9.84,50.56348854,1
9.85,50.61055333,1
9.86,50.65738339,1
9.87,50.70397989,1
9.88,50.75034398,1
9.89,50.79647683,1
9.9,50.8423796,1
9.91,50.88805342,1
9.92,50.93349944,1
9.93,50.9787188,1
9.94,50.91832316,0
9.95,50.76411738,0
9.96,50.61068071,0
9.97,50.4580093,0
9.98,50.30609935,0
9.99,50.15494704,0
10,50.00454862,0
