time,amp_i,speed_w_rel
0,-0,0
0.01,0.2376139406,0.00595997379
0.02,0.4705110478,0.02368119435
0.03,0.6987731954,0.05292870363
0.04,0.9224808639,0.09347163334
0.05,1.141713168,0.1450831257
0.06,1.356547877,0.2075402668
0.07,1.567061441,0.2806240201
0.08,1.773329011,0.3641191605
0.09,1.975424461,0.4578142091
0.1,2.173420408,0.5615013715
0.11,2.367388238,0.6749764736
0.12,2.557398121,0.7980389004
0.13,2.743519037,0.930491534
0.14,2.925818791,1.072140696
0.15,3.104364038,1.222796091
0.16,3.279220298,1.382270743
0.17,3.450451977,1.550380948
0.18,3.618122388,1.726946208
0.19,3.782293765,1.911789184
0.2,3.943027284,2.104735639
0.21,4.100383084,2.305614385
0.22,4.254420277,2.514257232
0.23,4.405196971,2.730498941
0.24,4.552770287,2.954177166
0.25,4.697196371,3.185132411
0.26,4.838530418,3.423207977
0.27,4.976826679,3.668249919
0.28,5.112138486,3.920106996
0.29,5.244518262,4.178630626
0.3,5.374017536,4.443674838
0.31,5.500686963,4.715096234
0.32,5.624576333,4.992753938
0.33,5.74573459,5.276509559
0.34,5.864209843,5.566227143
0.35,5.980049384,5.861773137
0.36,6.093299698,6.163016345
0.37,6.204006478,6.469827887
0.38,6.312215059,6.782079863
0.39,6.417969202,7.099649124
0.4,6.521312308,7.422413502
0.41,6.62228704,7.75025299
0.42,6.72093527,8.083049882
0.43,6.817298206,8.420688422
0.44,6.911416366,8.763054875
0.45,7.003329578,9.110037524
0.46,7.09307699,9.461526637
0.47,7.180697083,9.817414436
0.48,7.266227681,10.17759506
0.49,7.349705963,10.54196454
0.5,7.431168474,10.91042074
0.51,7.510651136,11.28286337
0.52,7.588189257,11.65919393
0.53,7.663817543,12.03931566
0.54,7.737570107,12.42313355
0.55,7.809480481,12.81055428
0.56,7.879581623,13.2014862
0.57,7.947905928,13.59583931
0.58,8.014485241,13.99352524
0.59,8.079350858,14.39445716
0.6,8.142533545,14.79854986
0.61,8.204063539,15.20571961
0.62,8.263970563,15.61588424
0.63,8.32228383,16.028963
0.64,8.379032054,16.44487666
0.65,8.434243459,16.86354738
0.66,8.487945786,17.28489874
0.67,8.540166301,17.7088557
0.68,8.590931804,18.13534458
0.69,8.640268637,18.56429304
0.7,8.68820262,18.99563024
0.71,8.734759202,19.42928645
0.72,8.779963395,19.86519318
0.73,8.823839785,20.30328322
0.74,8.866412536,20.74349056
0.75,8.9077054,21.18575041
0.76,8.947741721,21.62999914
0.77,8.986544443,22.0761743
0.78,9.024136116,22.5242146
0.79,9.060538907,22.97405984
0.8,9.095774599,23.42565095
0.81,9.129864604,23.87892993
0.82,9.162829968,24.33383986
0.83,9.194691372,24.79032487
0.84,9.225469146,25.2483301
0.85,9.25518327,25.70780173
0.86,9.283853382,26.16868691
0.87,9.31149878,26.6309338
0.88,9.338138434,27.09449148
0.89,9.363790988,27.55931002
0.9,9.388474763,28.02534039
0.91,9.412207769,28.49253448
0.92,9.435007704,28.96084508
0.93,9.456891962,29.43022587
0.94,9.477877639,29.90063137
0.95,9.497981536,30.37201698
0.96,9.517220167,30.84433893
0.97,9.53560976,31.31755427
0.98,9.553166263,31.79162085
0.99,9.569905352,32.26649733
1,9.585842432,32.74214315
1.01,9.600992528,33.2185192
1.02,9.615370641,33.69558572
1.03,9.628991394,34.17330441
1.04,9.641869157,34.6516377
1.05,9.654018051,35.13054874
1.06,9.665451955,35.61000137
1.07,9.676184508,36.08996014
1.08,9.686229114,36.57039026
1.09,9.695598946,37.05125763
1.1,9.704306949,37.53252878
1.11,9.712365844,38.0141709
1.12,9.719788134,38.49615182
1.13,9.726586104,38.97843999
1.14,9.732771828,39.46100445
1.15,9.738357171,39.94381488
1.16,9.743353792,40.42684151
1.17,9.74777315,40.91005518
1.18,9.751626503,41.3934273
1.19,9.754924918,41.87692982
1.2,9.757679266,42.36053526
1.21,9.759900233,42.84421667
1.22,9.761598318,43.32794765
1.23,9.76278384,43.8117023
1.24,9.763466935,44.29545525
1.25,9.763657568,44.77918163
1.26,9.763365526,45.26285707
1.27,9.762600433,45.74645767
1.28,9.76137174,46.22996003
1.29,9.759688735,46.71334122
1.3,9.757560546,47.19657876
1.31,9.754996141,47.67965063
1.32,9.752004333,48.16253527
1.33,9.74859378,48.64521153
1.34,9.74477299,49.12765872
1.35,9.740550325,49.60985655
1.36,9.735933998,50.09178517
1.37,9.730932081,50.57342512
1.38,9.725552505,51.05475736
1.39,9.71980306,51.53576322
1.4,9.713691404,52.01642443
1.41,9.707225059,52.49672312
1.42,9.700411415,52.97664177
1.43,9.693257736,53.45616323
1.44,9.685771154,53.93527073
1.45,9.677958722,54.41394735
1.46,9.669827285,54.89217751
1.47,9.66138361,55.36994547
1.48,9.652634344,55.84723582
1.49,9.64358602,56.3240335
1.5,9.634245053,56.80032378
1.51,9.624617749,57.27609222
1.52,9.614710301,57.75132471
1.53,9.604528793,58.22600747
1.54,9.594079203,58.70012698
1.55,9.583367404,59.17367006
1.56,9.572399166,59.64662378
1.57,9.561180155,60.11897554
1.58,9.549715939,60.590713
1.59,9.538011989,61.06182408
1.6,9.526073676,61.53229701
1.61,9.51390628,62.00212027
1.62,9.501514986,62.47128258
1.63,9.488904886,62.93977297
1.64,9.476080984,63.40758066
1.65,9.463048195,63.87469518
1.66,9.449811346,64.34110626
1.67,9.43637518,64.80680389
1.68,9.422744354,65.2717783
1.69,9.408923443,65.73601994
1.7,9.394916943,66.19951948
1.71,9.380729266,66.66226785
1.72,9.366364749,67.12425615
1.73,9.35182765,67.58547574
1.74,9.337122152,68.04591817
1.75,9.322252363,68.5055752
1.76,9.307222317,68.96443878
1.77,9.292035978,69.4225011
1.78,9.276697237,69.87975451
1.79,9.261209917,70.33619157
1.8,9.245577771,70.79180503
1.81,9.229804487,71.24658782
1.82,9.213893684,71.70053306
1.83,9.197848919,72.15363404
1.84,9.181673684,72.60588424
1.85,9.165371406,73.05727731
1.86,9.148945454,73.50780707
1.87,9.132399134,73.95746749
1.88,9.115735694,74.40625274
1.89,9.098958321,74.85415712
1.9,9.082070147,75.30117511
1.91,9.065074246,75.74730133
1.92,9.047973636,76.19253055
1.93,9.030771282,76.63685771
1.94,9.013470094,77.08027789
1.95,8.996072929,77.5227863
1.96,8.978582593,77.9643783
1.97,8.96100184,78.40504941
1.98,8.943333374,78.84479525
1.99,8.925579851,79.28361161
2,8.907743877,79.72149439
2.01,8.889828011,80.15843962
2.02,8.871834765,80.59444346
2.03,8.853766605,81.02950221
2.04,8.835625952,81.46361227
2.05,8.817415183,81.89677017
2.06,8.79913663,82.32897256
2.07,8.780792584,82.76021621
2.08,8.762385291,83.19049799
2.09,8.743916958,83.61981489
2.1,8.725389751,84.04816401
2.11,8.706805795,84.47554255
2.12,8.688167175,84.90194784
2.13,8.66947594,85.32737728
2.14,8.650734097,85.75182839
2.15,8.631943621,86.17529879
2.16,8.613106444,86.59778619
2.17,8.594224467,87.01928841
2.18,8.575299553,87.43980335
2.19,8.556333531,87.859329
2.2,8.537328195,88.27786346
2.21,8.518285305,88.69540491
2.22,8.49920659,89.11195161
2.23,8.480093745,89.5275019
2.24,8.460948432,89.94205423
2.25,8.441772284,90.35560711
2.26,8.422566901,90.76815914
2.27,8.403333853,91.179709
2.28,8.384074682,91.59025545
2.29,8.364790899,91.99979731
2.3,8.345483985,92.40833349
2.31,8.326155396,92.81586298
2.32,8.306806558,93.22238482
2.33,8.28743887,93.62789814
2.34,8.268053703,94.03240214
2.35,8.248652404,94.43589607
2.36,8.229236293,94.83837925
2.37,8.209806663,95.2398511
2.38,8.190364785,95.64031105
2.39,8.170911902,96.03975864
2.4,8.151449236,96.43819343
2.41,8.131977982,96.83561508
2.42,8.112499314,97.23202329
2.43,8.093014383,97.62741781
2.44,8.073524316,98.02179847
2.45,8.054030218,98.41516513
2.46,8.034533174,98.80751772
2.47,8.015034246,99.19885622
2.48,7.995534475,99.58918067
2.49,7.976034882,99.97849114
2.5,7.956536467,100.3667878
2.51,7.93704021,100.7540708
2.52,7.917547073,101.1403404
2.53,7.898057996,101.5255968
2.54,7.878573902,101.9098404
2.55,7.859095696,102.2930716
2.56,7.839624261,102.6752908
2.57,7.820160468,103.0564984
2.58,7.800705164,103.436695
2.59,7.781259184,103.8158811
2.6,7.761823341,104.1940572
2.61,7.742398437,104.5712241
2.62,7.722985251,104.9473823
2.63,7.703584552,105.3225327
2.64,7.684197089,105.6966758
2.65,7.664823596,106.0698126
2.66,7.645464794,106.4419438
2.67,7.626121386,106.8130702
2.68,7.606794062,107.1831929
2.69,7.587483497,107.5523126
2.7,7.568190352,107.9204304
2.71,7.548915273,108.2875472
2.72,7.529658892,108.653664
2.73,7.51042183,109.0187819
2.74,7.491204691,109.3829021
2.75,7.47200807,109.7460255
2.76,7.452832545,110.1081533
2.77,7.433678685,110.4692868
2.78,7.414547044,110.829427
2.79,7.395438165,111.1885753
2.8,7.376352578,111.5467328
2.81,7.357290803,111.9039009
2.82,7.338253348,112.2600808
2.83,7.319240708,112.6152739
2.84,7.300253368,112.9694816
2.85,7.281291802,113.3227051
2.86,7.262356474,113.674946
2.87,7.243447837,114.0262055
2.88,7.224566332,114.3764852
2.89,7.205712392,114.7257866
2.9,7.186886438,115.0741111
2.91,7.168088884,115.4214602
2.92,7.149320132,115.7678355
2.93,7.130580574,116.1132384
2.94,7.111870595,116.4576707
2.95,7.093190568,116.8011338
2.96,7.074540861,117.1436293
2.97,7.055921829,117.4851589
2.98,7.037333821,117.8257243
2.99,7.018777176,118.165327
3,7.000252226,118.5039688
3.01,6.981759293,118.8416513
3.02,6.963298692,119.1783762
3.03,6.94487073,119.5141453
3.04,6.926475707,119.8489603
3.05,6.908113914,120.1828229
3.06,6.889785635,120.515735
3.07,6.871491147,120.8476982
3.08,6.853230718,121.1787144
3.09,6.835004612,121.5087854
3.1,6.816813084,121.837913
3.11,6.798656382,122.166099
3.12,6.780534747,122.4933452
3.13,6.762448416,122.8196537
3.14,6.744397616,123.145026
3.15,6.726382569,123.4694643
3.16,6.708403493,123.7929703
3.17,6.690460596,124.1155459
3.18,6.672554082,124.4371931
3.19,6.654684149,124.7579138
3.2,6.636850989,125.0777099
3.21,6.619054788,125.3965833
3.22,6.601295728,125.7145359
3.23,6.583573982,126.0315698
3.24,6.565889722,126.3476869
3.25,6.548243112,126.6628892
3.26,6.53063431,126.9771786
3.27,6.513063471,127.2905571
3.28,6.495530744,127.6030267
3.29,6.478036273,127.9145894
3.3,6.460580198,128.2252473
3.31,6.443162653,128.5350023
3.32,6.425783768,128.8438565
3.33,6.408443669,129.1518119
3.34,6.391142476,129.4588704
3.35,6.373880306,129.7650343
3.36,6.356657271,130.0703054
3.37,6.339473478,130.3746858
3.38,6.322329033,130.6781777
3.39,6.305224033,130.980783
3.4,6.288158575,131.2825039
3.41,6.271132751,131.5833423
3.42,6.254146649,131.8833004
3.43,6.237200351,132.1823803
3.44,6.22029394,132.4805839
3.45,6.20342749,132.7779135
3.46,6.186601076,133.074371
3.47,6.169814767,133.3699586
3.48,6.15306863,133.6646784
3.49,6.136362725,133.9585325
3.5,6.119697115,134.2515229
3.51,6.103071853,134.5436518
3.52,6.086486994,134.8349213
3.53,6.069942587,135.1253335
3.54,6.053438679,135.4148904
3.55,6.036975313,135.7035943
3.56,6.020552531,135.9914472
3.57,6.00417037,136.2784512
3.58,5.987828866,136.5646085
3.59,5.97152805,136.8499211
3.6,5.955267952,137.1343912
3.61,5.939048598,137.4180209
3.62,5.922870014,137.7008124
3.63,5.906732221,137.9827677
3.64,5.890635237,138.263889
3.65,5.874579079,138.5441784
3.66,5.858563762,138.823638
3.67,5.842589298,139.10227
3.68,5.826655695,139.3800764
3.69,5.81076296,139.6570594
3.7,5.7949111,139.9332212
3.71,5.779100116,140.2085638
3.72,5.763330009,140.4830894
3.73,5.747600778,140.7568001
3.74,5.731912418,141.0296981
3.75,5.716264924,141.3017854
3.76,5.700658289,141.5730641
3.77,5.685092503,141.8435365
3.78,5.669567554,142.1132046
3.79,5.654083429,142.3820705
3.8,5.638640113,142.6501364
3.81,5.623237588,142.9174044
3.82,5.607875836,143.1838766
3.83,5.592554837,143.4495552
3.84,5.577274567,143.7144421
3.85,5.562035004,143.9785396
3.86,5.546836122,144.2418498
3.87,5.531677893,144.5043748
3.88,5.516560289,144.7661167
3.89,5.501483281,145.0270775
3.9,5.486446835,145.2872595
3.91,5.47145092,145.5466647
3.92,5.456495501,145.8052951
3.93,5.441580541,146.0631531
3.94,5.426706004,146.3202405
3.95,5.41187185,146.5765595
3.96,5.39707804,146.8321122
3.97,5.382324533,147.0869008
3.98,5.367611287,147.3409272
3.99,5.352938256,147.5941936
4,5.338305398,147.8467021
4.01,5.323712665,148.0984547
4.02,5.30916001,148.3494536
4.03,5.294647385,148.5997007
4.04,5.28017474,148.8491983
4.05,5.265742026,149.0979482
4.06,5.251349189,149.3459528
4.07,5.236996179,149.5932139
4.08,5.222682941,149.8397336
4.09,5.20840942,150.0855141
4.1,5.194175561,150.3305573
4.11,5.179981308,150.5748654
4.12,5.165826603,150.8184404
4.13,5.151711388,151.0612843
4.14,5.137635604,151.3033991
4.15,5.123599191,151.544787
4.16,5.109602087,151.78545
4.17,5.095644231,152.02539
4.18,5.081725562,152.2646092
4.19,5.067846014,152.5031095
4.2,5.054005526,152.740893
4.21,5.040204031,152.9779617
4.22,5.026441464,153.2143177
4.23,5.01271776,153.4499629
4.24,4.999032851,153.6848993
4.25,4.98538667,153.919129
4.26,4.971779148,154.152654
4.27,4.958210218,154.3854763
4.28,4.944679809,154.6175978
4.29,4.931187852,154.8490206
4.3,4.917734276,155.0797466
4.31,4.90431901,155.3097779
4.32,4.890941982,155.5391164
4.33,4.877603119,155.7677641
4.34,4.86430235,155.995723
4.35,4.851039601,156.2229951
4.36,4.837814797,156.4495822
4.37,4.824627865,156.6754865
4.38,4.811478731,156.9007097
4.39,4.798367318,157.125254
4.4,4.785293551,157.3491212
4.41,4.772257354,157.5723134
4.42,4.759258651,157.7948323
4.43,4.746297364,158.0166801
4.44,4.733373416,158.2378586
4.45,4.72048673,158.4583697
4.46,4.707637228,158.6782154
4.47,4.694824831,158.8973976
4.48,4.68204946,159.1159182
4.49,4.669311036,159.3337792
4.5,4.65660948,159.5509824
4.51,4.643944712,159.7675297
4.52,4.631316652,159.9834231
4.53,4.61872522,160.1986645
4.54,4.606170334,160.4132557
4.55,4.593651915,160.6271987
4.56,4.58116988,160.8404953
4.57,4.568724149,161.0531474
4.58,4.556314639,161.2651569
4.59,4.543941269,161.4765256
4.6,4.531603957,161.6872555
4.61,4.51930262,161.8973484
4.62,4.507037175,162.1068061
4.63,4.49480754,162.3156305
4.64,4.482613632,162.5238235
4.65,4.470455367,162.7313869
4.66,4.458332663,162.9383225
4.67,4.446245435,163.1446323
4.68,4.434193601,163.3503179
4.69,4.422177075,163.5553813
4.7,4.410195774,163.7598243
4.71,4.398249615,163.9636487
4.72,4.386338512,164.1668563
4.73,4.374462381,164.369449
4.74,4.362621138,164.5714285
4.75,4.350814698,164.7727966
4.76,4.339042976,164.9735551
4.77,4.327305888,165.1737059
4.78,4.315603349,165.3732507
4.79,4.303935272,165.5721914
4.8,4.292301574,165.7705296
4.81,4.28070217,165.9682672
4.82,4.269136973,166.1654059
4.83,4.257605899,166.3619475
4.84,4.246108861,166.5578938
4.85,4.234645776,166.7532466
4.86,4.223216557,166.9480075
4.87,4.211821118,167.1421784
4.88,4.200459375,167.3357609
4.89,4.189131241,167.5287569
4.9,4.177836631,167.7211681
4.91,4.166575459,167.9129961
4.92,4.15534764,168.1042427
4.93,4.144153088,168.2949097
4.94,4.132991717,168.4849988
4.95,4.121863442,168.6745116
4.96,4.110768176,168.86345
4.97,4.099705835,169.0518155
4.98,4.088676332,169.2396099
4.99,4.077679581,169.4268349
5,4.066715499,169.6134922
5.01,4.055783997,169.7995835
5.02,4.044884992,169.9851104
5.03,4.034018397,170.1700747
5.04,4.023184127,170.354478
5.05,4.012382096,170.5383219
5.06,4.001612219,170.7216082
5.07,3.990874411,170.9043385
5.08,3.980168586,171.0865145
5.09,3.969494659,171.2681378
5.1,3.958852545,171.4492101
5.11,3.948242158,171.6297329
5.12,3.937663413,171.809708
5.13,3.927116226,171.989137
5.14,3.916600511,172.1680215
5.15,3.906116183,172.3463632
5.16,3.895663158,172.5241636
5.17,3.88524135,172.7014243
5.18,3.874850676,172.8781471
5.19,3.86449105,173.0543335
5.2,3.854162388,173.229985
5.21,3.843864605,173.4051034
5.22,3.833597618,173.5796901
5.23,3.823361341,173.7537469
5.24,3.813155692,173.9272752
5.25,3.802980585,174.1002767
5.26,3.792835936,174.2727529
5.27,3.782721663,174.4447054
5.28,3.77263768,174.6161358
5.29,3.762583905,174.7870456
5.3,3.752560254,174.9574364
5.31,3.742566644,175.1273098
5.32,3.732602991,175.2966673
5.33,3.722669211,175.4655105
5.34,3.712765223,175.6338408
5.35,3.702890943,175.8016599
5.36,3.693046287,175.9689692
5.37,3.683231175,176.1357704
5.38,3.673445522,176.3020648
5.39,3.663689246,176.4678542
5.4,3.653962266,176.6331398
5.41,3.644264498,176.7979234
5.42,3.634595861,176.9622064
5.43,3.624956273,177.1259902
5.44,3.615345652,177.2892764
5.45,3.605763917,177.4520666
5.46,3.596210985,177.6143621
5.47,3.586686776,177.7761644
5.48,3.577191208,177.9374751
5.49,3.5677242,178.0982957
5.5,3.558285671,178.2586275
5.51,3.548875541,178.4184722
5.52,3.539493728,178.577831
5.53,3.530140153,178.7367056
5.54,3.520814734,178.8950973
5.55,3.511517392,179.0530077
5.56,3.502248046,179.2104381
5.57,3.493006617,179.36739
5.58,3.483793025,179.5238649
5.59,3.47460719,179.6798642
5.6,3.465449032,179.8353893
5.61,3.456318473,179.9904416
5.62,3.447215434,180.1450227
5.63,3.438139834,180.2991338
5.64,3.429091596,180.4527764
5.65,3.420070641,180.605952
5.66,3.41107689,180.7586619
5.67,3.402110266,180.9109076
5.68,3.393170689,181.0626904
5.69,3.384258081,181.2140117
5.7,3.375372366,181.364873
5.71,3.366513465,181.5152756
5.72,3.357681301,181.6652209
5.73,3.348875796,181.8147103
5.74,3.340096873,181.9637451
5.75,3.331344455,182.1123268
5.76,3.322618465,182.2604567
5.77,3.313918828,182.4081362
5.78,3.305245465,182.5553666
5.79,3.296598301,182.7021492
5.8,3.287977259,182.8484856
5.81,3.279382264,182.9943769
5.82,3.27081324,183.1398245
5.83,3.262270111,183.2848298
5.84,3.253752801,183.4293941
5.85,3.245261235,183.5735188
5.86,3.236795339,183.7172051
5.87,3.228355037,183.8604545
5.88,3.219940254,184.0032681
5.89,3.211550916,184.1456474
5.9,3.203186948,184.2875937
5.91,3.194848276,184.4291082
5.92,3.186534827,184.5701922
5.93,3.178246525,184.7108472
5.94,3.169983297,184.8510743
5.95,3.16174507,184.9908749
5.96,3.15353177,185.1302502
5.97,3.145343325,185.2692016
5.98,3.13717966,185.4077303
5.99,3.129040704,185.5458376
6,3.120926383,185.6835247
6.01,3.112836626,185.8207931
6.02,3.104771359,185.9576438
6.03,3.09673051,186.0940782
6.04,3.088714008,186.2300976
6.05,3.080721781,186.3657032
6.06,3.072753757,186.5008962
6.07,3.064809865,186.6356779
6.08,3.056890034,186.7700496
6.09,3.048994192,186.9040125
6.1,3.041122268,187.0375678
6.11,3.033274192,187.1707167
6.12,3.025449894,187.3034606
6.13,3.017649303,187.4358006
6.14,3.009872348,187.5677379
6.15,3.00211896,187.6992738
6.16,2.994389069,187.8304095
6.17,2.986682606,187.9611462
6.18,2.9789995,188.0914851
6.19,2.971339683,188.2214274
6.2,2.963703086,188.3509743
6.21,2.956089639,188.480127
6.22,2.948499274,188.6088868
6.23,2.940931923,188.7372547
6.24,2.933387516,188.865232
6.25,2.925865986,188.9928199
6.26,2.918367265,189.1200196
6.27,2.910891284,189.2468322
6.28,2.903437977,189.3732589
6.29,2.896007276,189.4993009
6.3,2.888599113,189.6249593
6.31,2.881213421,189.7502353
6.32,2.873850134,189.8751301
6.33,2.866509184,189.9996448
6.34,2.859190505,190.1237806
6.35,2.851894031,190.2475386
6.36,2.844619695,190.37092
6.37,2.837367432,190.4939259
6.38,2.830137175,190.6165575
6.39,2.822928859,190.7388158
6.4,2.815742418,190.8607021
6.41,2.808577787,190.9822175
6.42,2.801434901,191.103363
6.43,2.794313694,191.2241398
6.44,2.787214103,191.344549
6.45,2.780136061,191.4645918
6.46,2.773079506,191.5842692
6.47,2.766044372,191.7035824
6.48,2.759030596,191.8225324
6.49,2.752038113,191.9411205
6.5,2.74506686,192.0593475
6.51,2.738116773,192.1772148
6.52,2.731187789,192.2947233
6.53,2.724279845,192.4118741
6.54,2.717392877,192.5286684
6.55,2.710526823,192.6451071
6.56,2.70368162,192.7611915
6.57,2.696857205,192.8769226
6.58,2.690053517,192.9923014
6.59,2.683270492,193.1073289
6.6,2.67650807,193.2220064
6.61,2.669766187,193.3363348
6.62,2.663044783,193.4503153
6.63,2.656343796,193.5639487
6.64,2.649663164,193.6772363
6.65,2.643002827,193.7901791
6.66,2.636362723,193.9027781
6.67,2.629742793,194.0150343
6.68,2.623142974,194.1269488
6.69,2.616563207,194.2385227
6.7,2.610003431,194.3497569
6.71,2.603463587,194.4606526
6.72,2.596943614,194.5712106
6.73,2.590443452,194.6814321
6.74,2.583963042,194.7913182
6.75,2.577502325,194.9008697
6.76,2.571061241,195.0100877
6.77,2.564639732,195.1189732
6.78,2.558237737,195.2275273
6.79,2.551855199,195.335751
6.8,2.545492059,195.4436452
6.81,2.539148258,195.5512109
6.82,2.532823738,195.6584492
6.83,2.526518441,195.7653611
6.84,2.52023231,195.8719475
6.85,2.513965286,195.9782094
6.86,2.507717312,196.0841478
6.87,2.50148833,196.1897637
6.88,2.495278283,196.2950581
6.89,2.489087114,196.400032
6.9,2.482914767,196.5046863
6.91,2.476761183,196.609022
6.92,2.470626307,196.7130401
6.93,2.464510083,196.8167415
6.94,2.458412453,196.9201272
6.95,2.452333363,197.0231982
6.96,2.446272755,197.1259553
6.97,2.440230574,197.2283997
6.98,2.434206765,197.3305322
6.99,2.428201272,197.4323537
7,2.42221404,197.5338653
7.01,2.416245013,197.6350678
7.02,2.410294136,197.7359622
7.03,2.404361356,197.8365495
7.04,2.398446616,197.9368305
7.05,2.392549863,198.0368062
7.06,2.386671042,198.1364775
7.07,2.3808101,198.2358454
7.08,2.374966981,198.3349108
7.09,2.369141632,198.4336746
7.1,2.363334,198.5321377
7.11,2.35754403,198.630301
7.12,2.35177167,198.7281655
7.13,2.346016866,198.825732
7.14,2.340279565,198.9230014
7.15,2.334559714,199.0199748
7.16,2.32885726,199.1166528
7.17,2.323172151,199.2130366
7.18,2.317504335,199.3091269
7.19,2.311853758,199.4049246
7.2,2.306220369,199.5004307
7.21,2.300604116,199.595646
7.22,2.295004946,199.6905714
7.23,2.289422809,199.7852078
7.24,2.283857652,199.8795561
7.25,2.278309425,199.9736171
7.26,2.272778076,200.0673917
7.27,2.267263553,200.1608808
7.28,2.261765806,200.2540853
7.29,2.256284784,200.347006
7.3,2.250820437,200.4396438
7.31,2.245372714,200.5319995
7.32,2.239941564,200.6240741
7.33,2.234526938,200.7158683
7.34,2.229128784,200.807383
7.35,2.223747055,200.8986191
7.36,2.218381699,200.9895774
7.37,2.213032667,201.0802588
7.38,2.207699909,201.170664
7.39,2.202383377,201.260794
7.4,2.197083021,201.3506496
7.41,2.191798792,201.4402316
7.42,2.186530641,201.5295409
7.43,2.18127852,201.6185782
7.44,2.176042379,201.7073444
7.45,2.170822171,201.7958404
7.46,2.165617847,201.8840669
7.47,2.160429359,201.9720247
7.48,2.155256659,202.0597148
7.49,2.150099698,202.1471379
7.5,2.14495843,202.2342947
7.51,2.139832807,202.3211862
7.52,2.134722781,202.4078132
7.53,2.129628305,202.4941763
7.54,2.124549332,202.5802766
7.55,2.119485815,202.6661146
7.56,2.114437706,202.7516913
7.57,2.109404959,202.8370074
7.58,2.104387529,202.9220638
7.59,2.099385367,203.0068612
7.6,2.094398428,203.0914004
7.61,2.089426665,203.1756821
7.62,2.084470033,203.2597073
7.63,2.079528485,203.3434766
7.64,2.074601976,203.4269908
7.65,2.069690461,203.5102508
7.66,2.064793893,203.5932572
7.67,2.059912227,203.6760109
7.68,2.055045418,203.7585126
7.69,2.050193421,203.8407631
7.7,2.045356192,203.9227632
7.71,2.040533684,204.0045136
7.72,2.035725854,204.086015
7.73,2.030932656,204.1672683
7.74,2.026154048,204.2482742
7.75,2.021389983,204.3290334
7.76,2.016640418,204.4095468
7.77,2.011905309,204.489815
7.78,2.007184613,204.5698387
7.79,2.002478284,204.6496188
7.8,1.997786281,204.729156
7.81,1.993108558,204.808451
7.82,1.988445073,204.8875045
7.83,1.983795783,204.9663174
7.84,1.979160644,205.0448902
7.85,1.974539614,205.1232238
7.86,1.96993265,205.2013189
7.87,1.965339708,205.2791762
7.88,1.960760746,205.3567964
7.89,1.956195722,205.4341803
7.9,1.951644594,205.5113285
7.91,1.947107319,205.5882418
7.92,1.942583855,205.664921
7.93,1.938074161,205.7413666
7.94,1.933578193,205.8175795
7.95,1.929095912,205.8935603
7.96,1.924627274,205.9693097
7.97,1.920172239,206.0448285
7.98,1.915730765,206.1201173
7.99,1.911302812,206.1951769
8,1.906888337,206.2700079
8.01,1.9024873,206.3446111
8.02,1.898099661,206.4189871
8.03,1.893725378,206.4931366
8.04,1.88936441,206.5670604
8.05,1.885016719,206.640759
8.06,1.880682262,206.7142332
8.07,1.876361,206.7874837
8.08,1.872052893,206.8605112
8.09,1.8677579,206.9333163
8.1,1.863475983,207.0058997
8.11,1.8592071,207.078262
8.12,1.854951213,207.1504041
8.13,1.850708282,207.2223264
8.14,1.846478267,207.2940298
8.15,1.84226113,207.3655148
8.16,1.838056831,207.4367821
8.17,1.833865331,207.5078325
8.18,1.829686592,207.5786664
8.19,1.825520573,207.6492847
8.2,1.821367238,207.719688
8.21,1.817226547,207.7898769
8.22,1.813098461,207.859852
8.23,1.808982943,207.9296141
8.24,1.804879954,207.9991637
8.25,1.800789457,208.0685016
8.26,1.796711412,208.1376283
8.27,1.792645783,208.2065445
8.28,1.788592531,208.2752509
8.29,1.784551619,208.3437481
8.3,1.780523009,208.4120367
8.31,1.776506664,208.4801173
8.32,1.772502547,208.5479906
8.33,1.768510621,208.6156573
8.34,1.764530847,208.6831179
8.35,1.76056319,208.7503731
8.36,1.756607613,208.8174235
8.37,1.752664078,208.8842697
8.38,1.74873255,208.9509124
8.39,1.744812991,209.0173521
8.4,1.740905366,209.0835895
8.41,1.737009637,209.1496252
8.42,1.733125769,209.2154599
8.43,1.729253726,209.281094
8.44,1.725393472,209.3465284
8.45,1.721544971,209.4117634
8.46,1.717708186,209.4767998
8.47,1.713883083,209.5416382
8.48,1.710069627,209.6062791
8.49,1.70626778,209.6707232
8.5,1.702477509,209.7349711
8.51,1.698698778,209.7990233
8.52,1.694931551,209.8628805
8.53,1.691175795,209.9265432
8.54,1.687431473,209.9900121
8.55,1.683698552,210.0532877
8.56,1.679976996,210.1163706
8.57,1.676266771,210.1792614
8.58,1.672567843,210.2419607
8.59,1.668880177,210.3044691
8.6,1.665203738,210.3667872
8.61,1.661538493,210.4289154
8.62,1.657884408,210.4908545
8.63,1.654241448,210.552605
8.64,1.65060958,210.6141675
8.65,1.646988771,210.6755425
8.66,1.643378985,210.7367306
8.67,1.639780191,210.7977323
8.68,1.636192354,210.8585483
8.69,1.632615441,210.9191792
8.7,1.629049418,210.9796254
8.71,1.625494254,211.0398875
8.72,1.621949914,211.0999661
8.73,1.618416366,211.1598618
8.74,1.614893577,211.2195751
8.75,1.611381514,211.2791065
8.76,1.607880144,211.3384567
8.77,1.604389435,211.3976262
8.78,1.600909355,211.4566155
8.79,1.597439871,211.5154251
8.8,1.593980951,211.5740557
8.81,1.590532563,211.6325077
8.82,1.587094674,211.6907817
8.83,1.583667253,211.7488783
8.84,1.580250268,211.806798
8.85,1.576843688,211.8645413
8.86,1.57344748,211.9221087
8.87,1.570061612,211.9795009
8.88,1.566686054,212.0367183
8.89,1.563320775,212.0937615
8.9,1.559965742,212.1506309
8.91,1.556620924,212.2073272
8.92,1.553286292,212.2638509
8.93,1.549961812,212.3202024
8.94,1.546647456,212.3763823
8.95,1.543343191,212.4323911
8.96,1.540048987,212.4882294
8.97,1.536764814,212.5438977
8.98,1.533490641,212.5993964
8.99,1.530226437,212.6547262
9,1.526972172,212.7098874
9.01,1.523727817,212.7648807
9.02,1.52049334,212.8197065
9.03,1.517268712,212.8743654
9.04,1.514053902,212.9288578
9.05,1.510848882,212.9831843
9.06,1.50765362,213.0373454
9.07,1.504468088,213.0913415
9.08,1.501292255,213.1451732
9.09,1.498126093,213.198841
9.1,1.494969571,213.2523453
9.11,1.491822661,213.3056868
9.12,1.488685333,213.3588658
9.13,1.485557558,213.4118828
9.14,1.482439307,213.4647384
9.15,1.479330551,213.5174331
9.16,1.476231261,213.5699673
9.17,1.473141408,213.6223415
9.18,1.470060963,213.6745562
9.19,1.466989899,213.726612
9.2,1.463928185,213.7785092
9.21,1.460875795,213.8302484
9.22,1.457832699,213.88183
9.23,1.454798869,213.9332546
9.24,1.451774277,213.9845225
9.25,1.448758895,214.0356344
9.26,1.445752695,214.0865906
9.27,1.442755648,214.1373916
9.28,1.439767728,214.188038
9.29,1.436788905,214.2385301
9.3,1.433819154,214.2888684
9.31,1.430858445,214.3390535
9.32,1.427906751,214.3890857
9.33,1.424964045,214.4389656
9.34,1.4220303,214.4886936
9.35,1.419105488,214.5382702
9.36,1.416189583,214.5876958
9.37,1.413282556,214.6369709
9.38,1.410384381,214.686096
9.39,1.407495031,214.7350714
9.4,1.40461448,214.7838977
9.41,1.401742699,214.8325754
9.42,1.398879663,214.8811048
9.43,1.396025346,214.9294864
9.44,1.393179719,214.9777207
9.45,1.390342758,215.0258081
9.46,1.387514436,215.0737491
9.47,1.384694725,215.1215441
9.48,1.381883601,215.1691935
9.49,1.379081037,215.2166979
9.5,1.376287007,215.2640575
9.51,1.373501484,215.311273
9.52,1.370724444,215.3583447
9.53,1.36795586,215.4052731
9.54,1.365195706,215.4520585
9.55,1.362443958,215.4987015
9.56,1.359700588,215.5452024
9.57,1.356965572,215.5915618
9.58,1.354238884,215.63778
9.59,1.3515205,215.6838574
9.6,1.348810393,215.7297945
9.61,1.346108538,215.7755917
9.62,1.343414911,215.8212495
9.63,1.340729485,215.8667683
9.64,1.338052238,215.9121484
9.65,1.335383142,215.9573903
9.66,1.332722174,216.0024945
9.67,1.330069309,216.0474613
9.68,1.327424523,216.0922912
9.69,1.324787789,216.1369846
9.7,1.322159085,216.1815418
9.71,1.319538386,216.2259634
9.72,1.316925666,216.2702498
9.73,1.314320903,216.3144012
9.74,1.311724071,216.3584182
9.75,1.309135147,216.4023012
9.76,1.306554106,216.4460506
9.77,1.303980925,216.4896667
9.78,1.301415579,216.53315
9.79,1.298858045,216.5765009
9.8,1.296308299,216.6197197
9.81,1.293766317,216.662807
9.82,1.291232076,216.7057631
9.83,1.288705551,216.7485883
9.84,1.286186721,216.7912832
9.85,1.28367556,216.833848
9.86,1.281172046,216.8762832
9.87,1.278676155,216.9185892
9.88,1.276187865,216.9607664
9.89,1.273707151,217.0028151
9.9,1.271233992,217.0447358
9.91,1.268768364,217.0865288
9.92,1.266310244,217.1281946
9.93,1.263859609,217.1697335
9.94,1.261416436,217.2111459
9.95,1.258980703,217.2524321
9.96,1.256552388,217.2935927
9.97,1.254131466,217.3346279
9.98,1.251717917,217.3755382
9.99,1.249311717,217.4163239
10,1.246912844,217.4569853
