time,u
0,2
0.01,2
0.02,1.985099667
0.03,1.970347596
0.04,1.95574231
0.05,1.941282349
0.06,1.926966266
0.07,1.912792632
0.08,1.898760027
0.09,1.884867049
0.1,1.871112309
0.11,1.85749443
0.12,1.844012052
0.13,1.830663825
0.14,1.817448416
0.15,1.804364502
0.16,1.791410775
0.17,1.77858594
0.18,1.765888714
0.19,1.753317828
0.2,1.740872024
0.21,1.728550058
0.22,1.716350698
0.23,1.704272723
0.24,1.692314926
0.25,1.680476111
0.26,1.668755094
0.27,1.657150704
0.28,1.645661779
0.29,1.63428717
0.3,1.623025741
0.31,1.611876365
0.32,1.600837928
0.33,1.589909324
0.34,1.579089462
0.35,1.568377259
0.36,1.557771645
0.37,1.547271558
0.38,1.536875949
0.39,1.526583778
0.4,1.516394015
0.41,1.506305643
0.42,1.496317651
0.43,1.486429042
0.44,1.476638826
0.45,1.466946024
0.46,1.457349667
0.47,1.447848795
0.48,1.438442459
0.49,1.429129718
0.5,1.419909639
0.51,1.410781302
0.52,1.401743794
0.53,1.39279621
0.54,1.383937656
0.55,1.375167247
0.56,1.366484104
0.57,1.35788736
0.58,1.349376155
0.59,1.340949638
0.6,1.332606966
0.61,1.324347305
0.62,1.316169829
0.63,1.308073721
0.64,1.30005817
0.65,1.292122375
0.66,1.284265542
0.67,1.276486887
0.68,1.26878563
0.69,1.261161002
0.7,1.25361224
0.71,1.24613859
0.72,1.238739304
0.73,1.231413642
0.74,1.224160871
0.75,1.216980267
0.76,1.209871111
0.77,1.202832692
0.78,1.195864307
0.79,1.188965259
0.8,1.182134857
0.81,1.175372418
0.82,1.168677267
0.83,1.162048734
0.84,1.155486156
0.85,1.148988877
0.86,1.142556246
0.87,1.136187622
0.88,1.129882366
0.89,1.123639849
0.9,1.117459445
0.91,1.111340538
0.92,1.105282515
0.93,1.09928477
0.94,1.093346704
0.95,1.087467723
0.96,1.081647238
0.97,1.075884668
0.98,1.070179437
0.99,1.064530973
1,1.058938713
1.01,1.053402097
1.02,1.047920571
1.03,1.042493587
1.04,1.037120603
1.05,1.03180108
1.06,1.026534488
1.07,1.021320299
1.08,1.016157992
1.09,1.011047051
1.1,1.005986965
1.11,1.000977228
1.12,0.9960173378
1.13,0.9911067996
1.14,0.9862451221
1.15,0.9814318192
1.16,0.9766664095
1.17,0.9719484164
1.18,0.9672773681
1.19,0.9626527974
1.2,0.9580742421
1.21,0.953541244
1.22,0.9490533501
1.23,0.9446101115
1.24,0.9402110839
1.25,0.9358558272
1.26,0.9315439063
1.27,0.9272748895
1.28,0.9230483502
1.29,0.9188638657
1.3,0.9147210174
1.31,0.9106193911
1.32,0.9065585769
1.33,0.9025381684
1.34,0.8985577635
1.35,0.8946169644
1.36,0.8907153767
1.37,0.8868526108
1.38,0.8830282799
1.39,0.8792420017
1.4,0.8754933975
1.41,0.8717820926
1.42,0.868107716
1.43,0.8644698998
1.44,0.8608682805
1.45,0.8573024981
1.46,0.8537721957
1.47,0.8502770204
1.48,0.8468166227
1.49,0.8433906566
1.5,0.8399987792
1.51,0.8366406517
1.52,0.8333159383
1.53,0.8300243062
1.54,0.8267654262
1.55,0.8235389727
1.56,0.820344623
1.57,0.8171820577
1.58,0.8140509605
1.59,0.810951018
1.6,0.8078819205
1.61,0.8048433611
1.62,0.8018350359
1.63,0.798856644
1.64,0.7959078875
1.65,0.7929884718
1.66,0.7900981046
1.67,0.7872364971
1.68,0.784403363
1.69,0.7815984191
1.7,0.778821385
1.71,0.7760719828
1.72,0.7733499375
1.73,0.770654977
1.74,0.767986832
1.75,0.7653452352
1.76,0.762729923
1.77,0.7601406333
1.78,0.7575771077
1.79,0.7550390896
1.8,0.7525263251
1.81,0.750038563
1.82,0.7475755546
1.83,0.7451370535
1.84,0.7427228161
1.85,0.7403326005
1.86,0.737966168
1.87,0.7356232821
1.88,0.733303708
1.89,0.7310072143
1.9,0.7287335709
1.91,0.7264825507
1.92,0.7242539286
1.93,0.7220474815
1.94,0.7198629891
1.95,0.7177002327
1.96,0.7155589961
1.97,0.713439065
1.98,0.7113402277
1.99,0.7092622742
2,0.7072049966
2.01,0.7051681893
2.02,0.7031516488
2.03,0.7011551729
2.04,0.6991785623
2.05,0.6972216195
2.06,0.6952841484
2.07,0.6933659555
2.08,0.691466849
2.09,0.6895866389
2.1,0.6877251372
2.11,0.6858821578
2.12,0.6840575162
2.13,0.6822510302
2.14,0.6804625191
2.15,0.6786918038
2.16,0.6769387076
2.17,0.6752030548
2.18,0.6734846722
2.19,0.6717833877
2.2,0.6700990314
2.21,0.6684314347
2.22,0.6667804307
2.23,0.6651458545
2.24,0.6635275427
2.25,0.6619253334
2.26,0.6603390664
2.27,0.6587685829
2.28,0.6572137259
2.29,0.65567434
2.3,0.6541502714
2.31,0.6526413673
2.32,0.6511474774
2.33,0.6496684516
2.34,0.6482041426
2.35,0.6467544035
2.36,0.6453190897
2.37,0.6438980575
2.38,0.6424911648
2.39,0.6410982708
2.4,0.6397192365
2.41,0.6383539237
2.42,0.6370021961
2.43,0.6356639184
2.44,0.6343389567
2.45,0.6330271786
2.46,0.6317284529
2.47,0.6304426498
2.48,0.6291696406
2.49,0.6279092981
2.5,0.6266614962
2.51,0.62542611
2.52,0.6242030162
2.53,0.6229920924
2.54,0.6217932177
2.55,0.6206062718
2.56,0.6194311362
2.57,0.6182676933
2.58,0.617115827
2.59,0.6159754219
2.6,0.6148463641
2.61,0.6137285405
2.62,0.6126218396
2.63,0.6115261503
2.64,0.6104413635
2.65,0.6093673706
2.66,0.6083040639
2.67,0.6072513372
2.68,0.6062090855
2.69,0.6051772044
2.7,0.6041555906
2.71,0.6031441419
2.72,0.6021427575
2.73,0.6011513369
2.74,0.6001697813
2.75,0.5991979921
2.76,0.5982358724
2.77,0.5972833261
2.78,0.5963402576
2.79,0.595406573
2.8,0.5944821785
2.81,0.593566982
2.82,0.5926608919
2.83,0.5917638175
2.84,0.5908756692
2.85,0.5899963581
2.86,0.5891257962
2.87,0.5882638966
2.88,0.587410573
2.89,0.58656574
2.9,0.5857293135
2.91,0.5849012095
2.92,0.5840813452
2.93,0.5832696387
2.94,0.5824660087
2.95,0.5816703751
2.96,0.5808826581
2.97,0.5801027793
2.98,0.5793306601
2.99,0.5785662238
3,0.5778093936
3.01,0.5770600942
3.02,0.5763182503
3.03,0.5755837879
3.04,0.5748566334
3.05,0.5741367144
3.06,0.5734239586
3.07,0.5727182948
3.08,0.5720196527
3.09,0.5713279619
3.1,0.5706431538
3.11,0.5699651596
3.12,0.5692939114
3.13,0.5686293423
3.14,0.567971386
3.15,0.5673199762
3.16,0.5666750482
3.17,0.5660365372
3.18,0.5654043795
3.19,0.5647785119
3.2,0.5641588718
3.21,0.5635453973
3.22,0.5629380269
3.23,0.5623367
3.24,0.5617413563
3.25,0.5611519364
3.26,0.5605683813
3.27,0.5599906327
3.28,0.5594186329
3.29,0.5588523244
3.3,0.5582916509
3.31,0.5577365562
3.32,0.5571869848
3.33,0.5566428817
3.34,0.5561041924
3.35,0.5555708632
3.36,0.5550428407
3.37,0.5545200721
3.38,0.5540025052
3.39,0.5534900882
3.4,0.5529827699
3.41,0.5524804995
3.42,0.5519832266
3.43,0.5514909016
3.44,0.5510034756
3.45,0.5505208993
3.46,0.5500431249
3.47,0.5495701043
3.48,0.5491017905
3.49,0.5486381363
3.5,0.5481790957
3.51,0.5477246225
3.52,0.5472746714
3.53,0.5468291976
3.54,0.5463881561
3.55,0.5459515031
3.56,0.545519195
3.57,0.5450911881
3.58,0.5446674403
3.59,0.5442479087
3.6,0.5438325514
3.61,0.5434213271
3.62,0.5430141947
3.63,0.5426111131
3.64,0.5422120423
3.65,0.5418169424
3.66,0.5414257738
3.67,0.5410384972
3.68,0.5406550742
3.69,0.5402754663
3.7,0.5398996356
3.71,0.5395275446
3.72,0.5391591558
3.73,0.5387944324
3.74,0.5384333383
3.75,0.5380758371
3.76,0.5377218932
3.77,0.5373714709
3.78,0.5370245354
3.79,0.5366810519
3.8,0.5363409864
3.81,0.5360043044
3.82,0.5356709725
3.83,0.5353409571
3.84,0.5350142256
3.85,0.534690745
3.86,0.5343704832
3.87,0.5340534081
3.88,0.5337394879
3.89,0.5334286914
3.9,0.5331209871
3.91,0.5328163446
3.92,0.5325147336
3.93,0.5322161233
3.94,0.5319204846
3.95,0.5316277871
3.96,0.5313380024
3.97,0.5310511009
3.98,0.5307670541
3.99,0.5304858336
4,0.5302074114
4.01,0.5299317596
4.02,0.5296588504
4.03,0.5293886568
4.04,0.5291211518
4.05,0.5288563082
4.06,0.5285941
4.07,0.5283345009
4.08,0.5280774848
4.09,0.5278230261
4.1,0.5275710993
4.11,0.527321679
4.12,0.5270747406
4.13,0.5268302593
4.14,0.5265882106
4.15,0.5263485704
4.16,0.5261113147
4.17,0.5258764196
4.18,0.5256438618
4.19,0.5254136181
4.2,0.5251856652
4.21,0.5249599804
4.22,0.5247365413
4.23,0.5245153256
4.24,0.5242963108
4.25,0.5240794753
4.26,0.5238647975
4.27,0.5236522557
4.28,0.5234418288
4.29,0.5232334955
4.3,0.5230272352
4.31,0.5228230272
4.32,0.5226208512
4.33,0.5224206868
4.34,0.5222225142
4.35,0.5220263133
4.36,0.5218320648
4.37,0.5216397488
4.38,0.5214493468
4.39,0.521260839
4.4,0.521074207
4.41,0.520889432
4.42,0.5207064955
4.43,0.5205253794
4.44,0.5203460654
4.45,0.5201685354
4.46,0.5199927721
4.47,0.5198187575
4.48,0.5196464745
4.49,0.5194759057
4.5,0.519307034
4.51,0.5191398426
4.52,0.518974315
4.53,0.5188104343
4.54,0.5186481842
4.55,0.5184875486
4.56,0.5183285112
4.57,0.5181710563
4.58,0.5180151681
4.59,0.5178608311
4.6,0.5177080298
4.61,0.5175567487
4.62,0.5174069731
4.63,0.5172586878
4.64,0.5171118778
4.65,0.5169665286
4.66,0.5168226257
4.67,0.5166801547
4.68,0.5165391012
4.69,0.5163994513
4.7,0.516261191
4.71,0.5161243062
4.72,0.5159887836
4.73,0.5158546093
4.74,0.5157217702
4.75,0.5155902529
4.76,0.5154600442
4.77,0.515331131
4.78,0.5152035007
4.79,0.5150771402
4.8,0.514952037
4.81,0.5148281785
4.82,0.5147055526
4.83,0.5145841467
4.84,0.514463949
4.85,0.5143449473
4.86,0.5142271293
4.87,0.514110484
4.88,0.5139949992
4.89,0.5138806635
4.9,0.5137674655
4.91,0.5136553938
4.92,0.5135444372
4.93,0.5134345846
4.94,0.5133258253
4.95,0.513218148
4.96,0.513111542
4.97,0.5130059968
4.98,0.5129015018
4.99,0.5127980468
5,0.5126956209
5.01,0.5125942142
5.02,0.5124938166
5.03,0.5123944179
5.04,0.5122960083
5.05,0.5121985778
5.06,0.5121021167
5.07,0.5120066156
5.08,0.5119120646
5.09,0.5118184545
5.1,0.5117257758
5.11,0.5116340193
5.12,0.5115431756
5.13,0.5114532361
5.14,0.5113641914
5.15,0.5112760326
5.16,0.511188751
5.17,0.511102338
5.18,0.5110167847
5.19,0.5109320828
5.2,0.5108482236
5.21,0.5107651989
5.22,0.5106830003
5.23,0.5106016194
5.24,0.5105210485
5.25,0.5104412791
5.26,0.5103623036
5.27,0.5102841138
5.28,0.5102067021
5.29,0.5101300606
5.3,0.5100541817
5.31,0.5099790577
5.32,0.5099046813
5.33,0.5098310449
5.34,0.5097581413
5.35,0.509685963
5.36,0.509614503
5.37,0.509543754
5.38,0.5094737089
5.39,0.5094043607
5.4,0.5093357026
5.41,0.5092677277
5.42,0.5092004292
5.43,0.5091338002
5.44,0.5090678344
5.45,0.5090025248
5.46,0.5089378651
5.47,0.5088738486
5.48,0.5088104694
5.49,0.5087477205
5.5,0.5086855962
5.51,0.5086240898
5.52,0.5085631956
5.53,0.5085029072
5.54,0.5084432188
5.55,0.5083841242
5.56,0.5083256176
5.57,0.5082676933
5.58,0.5082103452
5.59,0.5081535678
5.6,0.5080973554
5.61,0.5080417021
5.62,0.5079866029
5.63,0.5079320516
5.64,0.5078780432
5.65,0.5078245723
5.66,0.5077716334
5.67,0.5077192212
5.68,0.5076673306
5.69,0.5076159561
5.7,0.5075650931
5.71,0.5075147361
5.72,0.5074648799
5.73,0.5074155201
5.74,0.5073666512
5.75,0.5073182688
5.76,0.5072703676
5.77,0.5072229432
5.78,0.5071759905
5.79,0.5071295051
5.8,0.5070834823
5.81,0.5070379172
5.82,0.5069928058
5.83,0.5069481429
5.84,0.5069039247
5.85,0.5068601463
5.86,0.5068168037
5.87,0.5067738922
5.88,0.5067314076
5.89,0.506689346
5.9,0.5066477027
5.91,0.5066064738
5.92,0.5065656552
5.93,0.5065252428
5.94,0.5064852324
5.95,0.5064456202
5.96,0.5064064019
5.97,0.5063675741
5.98,0.5063291325
5.99,0.5062910735
6,0.5062533932
6.01,0.5062160878
6.02,0.5061791535
6.03,0.5061425868
6.04,0.5061063839
6.05,0.5060705412
6.06,0.5060350552
6.07,0.5059999223
6.08,0.5059651389
6.09,0.5059307018
6.1,0.505896607
6.11,0.5058628517
6.12,0.5058294322
6.13,0.5057963454
6.14,0.5057635877
6.15,0.5057311558
6.16,0.5056990468
6.17,0.5056672572
6.18,0.5056357839
6.19,0.5056046238
6.2,0.5055737738
6.21,0.5055432305
6.22,0.5055129915
6.23,0.505483053
6.24,0.5054534127
6.25,0.5054240671
6.26,0.5053950136
6.27,0.5053662493
6.28,0.5053377711
6.29,0.5053095763
6.3,0.5052816619
6.31,0.5052540255
6.32,0.5052266638
6.33,0.5051995745
6.34,0.5051727549
6.35,0.5051462018
6.36,0.5051199131
6.37,0.5050938861
6.38,0.5050681179
6.39,0.5050426063
6.4,0.5050173483
6.41,0.5049923418
6.42,0.504967584
6.43,0.5049430725
6.44,0.504918805
6.45,0.5048947791
6.46,0.5048709921
6.47,0.5048474417
6.48,0.5048241257
6.49,0.5048010418
6.5,0.5047781875
6.51,0.5047555606
6.52,0.5047331588
6.53,0.50471098
6.54,0.5046890217
6.55,0.5046672822
6.56,0.5046457588
6.57,0.5046244496
6.58,0.5046033524
6.59,0.5045824652
6.6,0.5045617859
6.61,0.5045413121
6.62,0.5045210421
6.63,0.5045009739
6.64,0.5044811054
6.65,0.5044614344
6.66,0.5044419594
6.67,0.5044226781
6.68,0.5044035886
6.69,0.504384689
6.7,0.5043659775
6.71,0.5043474521
6.72,0.5043291111
6.73,0.5043109526
6.74,0.5042929749
6.75,0.5042751759
6.76,0.504257554
6.77,0.5042401076
6.78,0.5042228347
6.79,0.5042057336
6.8,0.5041888028
6.81,0.5041720402
6.82,0.5041554447
6.83,0.5041390141
6.84,0.5041227472
6.85,0.504106642
6.86,0.5040906972
6.87,0.5040749108
6.88,0.5040592818
6.89,0.504043808
6.9,0.5040284883
6.91,0.5040133211
6.92,0.5039983048
6.93,0.5039834378
6.94,0.5039687189
6.95,0.5039541464
6.96,0.5039397189
6.97,0.5039254349
6.98,0.503911293
6.99,0.5038972918
7,0.5038834299
7.01,0.5038697062
7.02,0.5038561188
7.03,0.5038426666
7.04,0.5038293484
7.05,0.5038161626
7.06,0.503803108
7.07,0.5037901833
7.08,0.5037773872
7.09,0.5037647183
7.1,0.5037521758
7.11,0.5037397578
7.12,0.5037274635
7.13,0.5037152916
7.14,0.5037032406
7.15,0.5036913096
7.16,0.5036794974
7.17,0.5036678027
7.18,0.5036562242
7.19,0.503644761
7.2,0.5036334119
7.21,0.5036221758
7.22,0.5036110515
7.23,0.5036000377
7.24,0.5035891337
7.25,0.5035783381
7.26,0.5035676499
7.27,0.5035570679
7.28,0.5035465915
7.29,0.5035362192
7.3,0.5035259502
7.31,0.5035157832
7.32,0.5035057175
7.33,0.5034957518
7.34,0.5034858854
7.35,0.5034761171
7.36,0.5034664461
7.37,0.5034568713
7.38,0.5034473917
7.39,0.5034380064
7.4,0.5034287146
7.41,0.5034195152
7.42,0.5034104073
7.43,0.5034013899
7.44,0.5033924625
7.45,0.5033836238
7.46,0.503374873
7.47,0.5033662094
7.48,0.5033576319
7.49,0.5033491398
7.5,0.5033407322
7.51,0.5033324083
7.52,0.5033241671
7.53,0.503316008
7.54,0.5033079301
7.55,0.5032999323
7.56,0.5032920143
7.57,0.5032841751
7.58,0.5032764139
7.59,0.5032687299
7.6,0.5032611225
7.61,0.5032535905
7.62,0.5032461338
7.63,0.5032387509
7.64,0.5032314419
7.65,0.5032242054
7.66,0.5032170407
7.67,0.5032099475
7.68,0.5032029249
7.69,0.5031959721
7.7,0.5031890886
7.71,0.5031822735
7.72,0.5031755263
7.73,0.5031688461
7.74,0.5031622324
7.75,0.5031556846
7.76,0.5031492017
7.77,0.5031427837
7.78,0.5031364293
7.79,0.5031301382
7.8,0.5031239097
7.81,0.5031177431
7.82,0.5031116378
7.83,0.5031055935
7.84,0.5030996092
7.85,0.5030936843
7.86,0.5030878187
7.87,0.5030820112
7.88,0.5030762616
7.89,0.5030705692
7.9,0.5030649333
7.91,0.5030593535
7.92,0.5030538294
7.93,0.5030483601
7.94,0.5030429453
7.95,0.5030375844
7.96,0.5030322769
7.97,0.503027022
7.98,0.5030218195
7.99,0.5030166687
8,0.5030115693
8.01,0.5030065205
8.02,0.503001522
8.03,0.5029965732
8.04,0.5029916737
8.05,0.5029868231
8.06,0.5029820204
8.07,0.5029772657
8.08,0.5029725584
8.09,0.5029678977
8.1,0.5029632836
8.11,0.5029587152
8.12,0.5029541925
8.13,0.5029497147
8.14,0.5029452813
8.15,0.5029408922
8.16,0.5029365467
8.17,0.5029322444
8.18,0.5029279849
8.19,0.5029237678
8.2,0.5029195928
8.21,0.5029154593
8.22,0.5029113668
8.23,0.5029073152
8.24,0.5029033036
8.25,0.5028993321
8.26,0.5028954003
8.27,0.5028915074
8.28,0.5028876533
8.29,0.5028838376
8.3,0.5028800598
8.31,0.5028763195
8.32,0.5028726165
8.33,0.5028689505
8.34,0.5028653207
8.35,0.5028617272
8.36,0.5028581694
8.37,0.502854647
8.38,0.5028511598
8.39,0.502847707
8.4,0.5028442889
8.41,0.5028409045
8.42,0.502837554
8.43,0.5028342368
8.44,0.5028309525
8.45,0.502827701
8.46,0.5028244816
8.47,0.5028212945
8.48,0.502818139
8.49,0.5028150149
8.5,0.502811922
8.51,0.5028088598
8.52,0.5028058279
8.53,0.5028028263
8.54,0.5027998547
8.55,0.5027969126
8.56,0.5027939996
8.57,0.5027911158
8.58,0.5027882605
8.59,0.5027854338
8.6,0.5027826352
8.61,0.5027798643
8.62,0.5027771211
8.63,0.5027744052
8.64,0.5027717161
8.65,0.5027690541
8.66,0.5027664183
8.67,0.5027638089
8.68,0.5027612254
8.69,0.5027586677
8.7,0.5027561353
8.71,0.5027536282
8.72,0.5027511461
8.73,0.5027486886
8.74,0.5027462556
8.75,0.5027438467
8.76,0.5027414618
8.77,0.5027391007
8.78,0.5027367631
8.79,0.5027344487
8.8,0.5027321574
8.81,0.5027298889
8.82,0.5027276429
8.83,0.5027254193
8.84,0.5027232176
8.85,0.502721038
8.86,0.5027188801
8.87,0.5027167439
8.88,0.5027146286
8.89,0.5027125345
8.9,0.5027104613
8.91,0.5027084085
8.92,0.5027063762
8.93,0.5027043642
8.94,0.5027023722
8.95,0.5027004
8.96,0.5026984476
8.97,0.5026965145
8.98,0.5026946005
8.99,0.5026927056
9,0.5026908297
9.01,0.5026889723
9.02,0.5026871336
9.03,0.5026853129
9.04,0.5026835105
9.05,0.5026817259
9.06,0.5026799592
9.07,0.5026782101
9.08,0.5026764782
9.09,0.5026747638
9.1,0.5026730664
9.11,0.5026713857
9.12,0.5026697219
9.13,0.5026680746
9.14,0.5026664437
9.15,0.5026648289
9.16,0.5026632304
9.17,0.5026616477
9.18,0.5026600807
9.19,0.5026585293
9.2,0.5026569935
9.21,0.5026554727
9.22,0.5026539671
9.23,0.5026524767
9.24,0.5026510009
9.25,0.50264954
9.26,0.5026480936
9.27,0.5026466613
9.28,0.5026452435
9.29,0.5026438397
9.3,0.5026424501
9.31,0.502641074
9.32,0.5026397117
9.33,0.5026383631
9.34,0.5026370278
9.35,0.5026357058
9.36,0.502634397
9.37,0.5026331012
9.38,0.5026318183
9.39,0.5026305481
9.4,0.5026292907
9.41,0.5026280457
9.42,0.5026268129
9.43,0.5026255926
9.44,0.5026243844
9.45,0.5026231882
9.46,0.502622004
9.47,0.5026208315
9.48,0.5026196706
9.49,0.5026185213
9.5,0.5026173835
9.51,0.5026162569
9.52,0.5026151416
9.53,0.5026140375
9.54,0.5026129441
9.55,0.5026118617
9.56,0.5026107903
9.57,0.5026097293
9.58,0.502608679
9.59,0.502607639
9.6,0.5026066094
9.61,0.5026055901
9.62,0.5026045809
9.63,0.5026035818
9.64,0.5026025925
9.65,0.5026016134
9.66,0.5026006437
9.67,0.5025996837
9.68,0.5025987334
9.69,0.5025977923
9.7,0.5025968608
9.71,0.5025959384
9.72,0.5025950253
9.73,0.5025941212
9.74,0.5025932262
9.75,0.5025923399
9.76,0.5025914627
9.77,0.502590594
9.78,0.5025897342
9.79,0.5025888827
9.8,0.5025880398
9.81,0.5025872052
9.82,0.5025863789
9.83,0.502585561
9.84,0.5025847511
9.85,0.5025839492
9.86,0.5025831554
9.87,0.5025823693
9.88,0.5025815912
9.89,0.5025808209
9.9,0.5025800581
9.91,0.5025793031
9.92,0.5025785553
9.93,0.5025778153
9.94,0.5025770824
9.95,0.5025763569
9.96,0.5025756385
9.97,0.5025749274
9.98,0.5025742234
9.99,0.5025735263
10,0.5025728361
