time,x,u
0,1,0.3830517232
0.01,0.9938612621,0.3830517232
0.02,0.9877836056,0.3830517232
0.03,0.9817664229,0.3830517232
0.04,0.9758091121,0.3830517232
0.05,0.9699110775,0.3830517232
0.06,0.9640717293,0.3830517232
0.07,0.9582904837,0.3830517232
0.08,0.9525667624,0.3830517232
0.09,0.9468999931,0.3830517232
0.1,0.941289609,0.3830517232
0.11,0.9355109674,0.3605313003
0.12,0.9297898241,0.3605313003
0.13,0.9241256072,0.3605313003
0.14,0.9185177501,0.3605313003
0.15,0.9129656922,0.3605313003
0.16,0.9074688782,0.3605313003
0.17,0.9020267583,0.3605313003
0.18,0.8966387885,0.3605313003
0.19,0.8913044299,0.3605313003
0.2,0.886023149,0.3605313003
0.21,0.8805889647,0.3398830891
0.22,0.8752088513,0.3398830891
0.23,0.869882271,0.3398830891
0.24,0.864608691,0.3398830891
0.25,0.859387584,0.3398830891
0.26,0.8542184279,0.3398830891
0.27,0.8491007058,0.3398830891
0.28,0.8440339059,0.3398830891
0.29,0.8390175214,0.3398830891
0.3,0.8340510508,0.3398830891
0.31,0.8289461816,0.3210074306
0.32,0.8238921066,0.3210074306
0.33,0.8188883205,0.3210074306
0.34,0.8139343228,0.3210074306
0.35,0.8090296183,0.3210074306
0.36,0.8041737164,0.3210074306
0.37,0.7993661315,0.3210074306
0.38,0.7946063829,0.3210074306
0.39,0.7898939946,0.3210074306
0.4,0.7852284954,0.3210074306
0.41,0.7804381356,0.3037933409
0.42,0.7756954407,0.3037933409
0.43,0.7709999363,0.3037933409
0.44,0.766351153,0.3037933409
0.45,0.7617486259,0.3037933409
0.46,0.7571918947,0.3037933409
0.47,0.7526805037,0.3037933409
0.48,0.7482140018,0.3037933409
0.49,0.7437919423,0.3037933409
0.5,0.7394138831,0.3037933409
0.51,0.7349234631,0.2881229222
0.52,0.7304777234,0.2881229222
0.53,0.7260762196,0.2881229222
0.54,0.7217185115,0.2881229222
0.55,0.7174041633,0.2881229222
0.56,0.7131327436,0.2881229222
0.57,0.7089038252,0.2881229222
0.58,0.7047169852,0.2881229222
0.59,0.7005718051,0.2881229222
0.6,0.6964678701,0.2881229222
0.61,0.6922630053,0.2738754451
0.62,0.6880999795,0.2738754451
0.63,0.6839783765,0.2738754451
0.64,0.6798977842,0.2738754451
0.65,0.6758577944,0.2738754451
0.66,0.6718580032,0.2738754451
0.67,0.6678980106,0.2738754451
0.68,0.6639774206,0.2738754451
0.69,0.660095841,0.2738754451
0.7,0.6562528839,0.2738754451
0.71,0.6523193618,0.2609306276
0.72,0.6484249788,0.2609306276
0.73,0.6445693456,0.2609306276
0.74,0.6407520766,0.2609306276
0.75,0.63697279,0.2609306276
0.76,0.633231108,0.2609306276
0.77,0.6295266563,0.2609306276
0.78,0.6258590645,0.2609306276
0.79,0.6222279659,0.2609306276
0.8,0.6186329973,0.2609306276
0.81,0.6149567994,0.2491720319
0.82,0.6113171801,0.2491720319
0.83,0.6077137757,0.2491720319
0.84,0.6041462257,0.2491720319
0.85,0.6006141735,0.2491720319
0.86,0.5971172658,0.2491720319
0.87,0.5936551528,0.2491720319
0.88,0.5902274885,0.2491720319
0.89,0.58683393,0.2491720319
0.9,0.583474138,0.2491720319
0.91,0.580041475,0.2384886444
0.92,0.5766429676,0.2384886444
0.93,0.5732782759,0.2384886444
0.94,0.5699470634,0.2384886444
0.95,0.566648997,0.2384886444
0.96,0.5633837469,0.2384886444
0.97,0.5601509866,0.2384886444
0.98,0.5569503929,0.2384886444
0.99,0.5537816455,0.2384886444
1,0.5506444277,0.2384886444
1.01,0.5474417893,0.228776589
1.02,0.5442710176,0.228776589
1.03,0.5411317956,0.228776589
1.04,0.5380238093,0.228776589
1.05,0.5349467481,0.228776589
1.06,0.5319003041,0.228776589
1.07,0.5288841727,0.228776589
1.08,0.5258980524,0.228776589
1.09,0.5229416444,0.228776589
1.1,0.5200146532,0.228776589
1.11,0.5170288602,0.219939962
1.12,0.5140727763,0.219939962
1.13,0.5111461059,0.219939962
1.14,0.5082485563,0.219939962
1.15,0.5053798379,0.219939962
1.16,0.5025396637,0.219939962
1.17,0.4997277497,0.219939962
1.18,0.4969438147,0.219939962
1.19,0.4941875803,0.219939962
1.2,0.4914587709,0.219939962
1.21,0.4886770288,0.211891368
1.22,0.4859229654,0.211891368
1.23,0.4831963055,0.211891368
1.24,0.4804967763,0.211891368
1.25,0.4778241078,0.211891368
1.26,0.4751780328,0.211891368
1.27,0.4725582867,0.211891368
1.28,0.4699646076,0.211891368
1.29,0.4673967359,0.211891368
1.3,0.464854415,0.211891368
1.31,0.4622643584,0.2045515627
1.32,0.4597000733,0.2045515627
1.33,0.4571613032,0.2045515627
1.34,0.4546477943,0.2045515627
1.35,0.4521592952,0.2045515627
1.36,0.4496955571,0.2045515627
1.37,0.4472563336,0.2045515627
1.38,0.4448413807,0.2045515627
1.39,0.4424504571,0.2045515627
1.4,0.4400833236,0.2045515627
1.41,0.4376730565,0.1978494674
1.42,0.4352867719,0.1978494674
1.43,0.4329242312,0.1978494674
1.44,0.4305851982,0.1978494674
1.45,0.428269439,0.1978494674
1.46,0.425976722,0.1978494674
1.47,0.4237068179,0.1978494674
1.48,0.4214594997,0.1978494674
1.49,0.4192345427,0.1978494674
1.5,0.4170317244,0.1978494674
1.51,0.4147898497,0.1917214394
1.52,0.4125702819,0.1917214394
1.53,0.4103727992,0.1917214394
1.54,0.4081971818,0.1917214394
1.55,0.4060432122,0.1917214394
1.56,0.4039106749,0.1917214394
1.57,0.4017993567,0.1917214394
1.58,0.3997090465,0.1917214394
1.59,0.3976395353,0.1917214394
1.6,0.395590616,0.1917214394
1.61,0.3935062577,0.1861108691
1.62,0.3914426391,0.1861108691
1.63,0.3893995539,0.1861108691
1.64,0.3873767977,0.1861108691
1.65,0.3853741682,0.1861108691
1.66,0.3833914653,0.1861108691
1.67,0.3814284905,0.1861108691
1.68,0.3794850477,0.1861108691
1.69,0.3775609425,0.1861108691
1.7,0.3756559824,0.1861108691
1.71,0.3737187992,0.1809674501
1.72,0.3718008912,0.1809674501
1.73,0.3699020668,0.1809674501
1.74,0.3680221359,0.1809674501
1.75,0.3661609107,0.1809674501
1.76,0.364318205,0.1809674501
1.77,0.3624938345,0.1809674501
1.78,0.3606876168,0.1809674501
1.79,0.3588993713,0.1809674501
1.8,0.3571289191,0.1809674501
1.81,0.3553291074,0.176246345
1.82,0.3535472042,0.176246345
1.83,0.3517830311,0.176246345
1.84,0.3500364119,0.176246345
1.85,0.3483071719,0.176246345
1.86,0.346595138,0.176246345
1.87,0.3449001392,0.176246345
1.88,0.3432220059,0.176246345
1.89,0.3415605703,0.176246345
1.9,0.3399156663,0.176246345
1.91,0.3382439618,0.1719079614
1.92,0.3365888909,0.1719079614
1.93,0.3349502883,0.1719079614
1.94,0.33332799,0.1719079614
1.95,0.3317218339,0.1719079614
1.96,0.3301316593,0.1719079614
1.97,0.3285573072,0.1719079614
1.98,0.3269986202,0.1719079614
1.99,0.3254554423,0.1719079614
2,0.3239276194,0.1719079614
2.01,0.3223752872,0.1679169387
2.02,0.3208384009,0.1679169387
2.03,0.319316807,0.1679169387
2.04,0.3178103531,0.1679169387
2.05,0.3163188887,0.1679169387
2.06,0.3148422646,0.1679169387
2.07,0.3133803332,0.1679169387
2.08,0.3119329483,0.1679169387
2.09,0.310499965,0.1679169387
2.1,0.3090812402,0.1679169387
2.11,0.307640065,0.1642419249
2.12,0.3062132296,0.1642419249
2.13,0.3048005916,0.1642419249
2.14,0.3034020095,0.1642419249
2.15,0.3020173435,0.1642419249
2.16,0.3006464552,0.1642419249
2.17,0.2992892074,0.1642419249
2.18,0.2979454645,0.1642419249
2.19,0.296615092,0.1642419249
2.2,0.295297957,0.1642419249
2.21,0.293960226,0.160854876
2.22,0.2926358057,0.160854876
2.23,0.2913245635,0.160854876
2.24,0.2900263684,0.160854876
2.25,0.2887410906,0.160854876
2.26,0.2874686015,0.160854876
2.27,0.2862087739,0.160854876
2.28,0.2849614818,0.160854876
2.29,0.2837266004,0.160854876
2.3,0.2825040063,0.160854876
2.31,0.2812624915,0.1577307284
2.32,0.2800333299,0.1577307284
2.33,0.2788163987,0.1577307284
2.34,0.2776115762,0.1577307284
2.35,0.2764187418,0.1577307284
2.36,0.2752377763,0.1577307284
2.37,0.2740685617,0.1577307284
2.38,0.2729109809,0.1577307284
2.39,0.2717649182,0.1577307284
2.4,0.2706302591,0.1577307284
2.41,0.2694781973,0.1548470855
2.42,0.2683375987,0.1548470855
2.43,0.2672083492,0.1548470855
2.44,0.2660903359,0.1548470855
2.45,0.2649834471,0.1548470855
2.46,0.263887572,0.1548470855
2.47,0.262802601,0.1548470855
2.48,0.2617284257,0.1548470855
2.49,0.2606649386,0.1548470855
2.5,0.2596120334,0.1548470855
2.51,0.2585431033,0.1521836668
2.52,0.2574848092,0.1521836668
2.53,0.2564370453,0.1521836668
2.54,0.2553997069,0.1521836668
2.55,0.2543726901,0.1521836668
2.56,0.2533558923,0.1521836668
2.57,0.2523492119,0.1521836668
2.58,0.2513525481,0.1521836668
2.59,0.2503658012,0.1521836668
2.6,0.2493888726,0.1521836668
2.61,0.2483971745,0.1497223824
2.62,0.2474153439,0.1497223824
2.63,0.2464432827,0.1497223824
2.64,0.2454808937,0.1497223824
2.65,0.2445280806,0.1497223824
2.66,0.2435847481,0.1497223824
2.67,0.242650802,0.1497223824
2.68,0.2417261488,0.1497223824
2.69,0.240810696,0.1497223824
2.7,0.2399043521,0.1497223824
2.71,0.2389843837,0.1474467516
2.72,0.238073569,0.1474467516
2.73,0.2371718171,0.1474467516
2.74,0.2362790378,0.1474467516
2.75,0.2353951418,0.1474467516
2.76,0.2345200407,0.1474467516
2.77,0.233653647,0.1474467516
2.78,0.232795874,0.1474467516
2.79,0.2319466361,0.1474467516
2.8,0.2311058482,0.1474467516
2.81,0.2302524825,0.1453418881
2.82,0.229407608,0.1453418881
2.83,0.2285711401,0.1453418881
2.84,0.2277429952,0.1453418881
2.85,0.2269230905,0.1453418881
2.86,0.226111344,0.1453418881
2.87,0.2253076745,0.1453418881
2.88,0.2245120016,0.1453418881
2.89,0.2237242458,0.1453418881
2.9,0.2229443283,0.1453418881
2.91,0.2221527916,0.1433942318
2.92,0.2213691309,0.1433942318
2.93,0.2205932677,0.1433942318
2.94,0.2198251244,0.1433942318
2.95,0.2190646243,0.1433942318
2.96,0.2183116914,0.1433942318
2.97,0.2175662502,0.1433942318
2.98,0.2168282263,0.1433942318
2.99,0.2160975458,0.1433942318
3,0.2153741357,0.1433942318
3.01,0.2146399863,0.1415915042
3.02,0.2139131418,0.1415915042
3.03,0.2131935295,0.1415915042
3.04,0.2124810774,0.1415915042
3.05,0.2117757144,0.1415915042
3.06,0.2110773698,0.1415915042
3.07,0.2103859739,0.1415915042
3.08,0.2097014575,0.1415915042
3.09,0.2090237521,0.1415915042
3.1,0.20835279,0.1415915042
3.11,0.2076718966,0.1399224252
3.12,0.2069977781,0.1399224252
3.13,0.2063303671,0.1399224252
3.14,0.2056695971,0.1399224252
3.15,0.2050154018,0.1399224252
3.16,0.2043677159,0.1399224252
3.17,0.2037264745,0.1399224252
3.18,0.2030916136,0.1399224252
3.19,0.2024630697,0.1399224252
3.2,0.2018407799,0.1399224252
3.21,0.2012093023,0.1383767575
3.22,0.200584108,0.1383767575
3.23,0.1999651346,0.1383767575
3.24,0.19935232,0.1383767575
3.25,0.198745603,0.1383767575
3.26,0.1981449229,0.1383767575
3.27,0.1975502198,0.1383767575
3.28,0.196961434,0.1383767575
3.29,0.1963785067,0.1383767575
3.3,0.1958013796,0.1383767575
3.31,0.1952157496,0.1369450688
3.32,0.1946359466,0.1369450688
3.33,0.1940619128,0.1369450688
3.34,0.1934935907,0.1369450688
3.35,0.1929309235,0.1369450688
3.36,0.192373855,0.1369450688
3.37,0.1918223293,0.1369450688
3.38,0.1912762915,0.1369450688
3.39,0.1907356868,0.1369450688
3.4,0.1902004612,0.1369450688
3.41,0.1896573635,0.1356186867
3.42,0.1891196696,0.1356186867
3.43,0.188587326,0.1356186867
3.44,0.1880602792,0.1356186867
3.45,0.1875384766,0.1356186867
3.46,0.1870218661,0.1356186867
3.47,0.1865103959,0.1356186867
3.48,0.1860040149,0.1356186867
3.49,0.1855026725,0.1356186867
3.5,0.1850063186,0.1356186867
3.51,0.1845026753,0.1343897432
3.52,0.1840040433,0.1343897432
3.53,0.1835103727,0.1343897432
3.54,0.1830216143,0.1343897432
3.55,0.1825377191,0.1343897432
3.56,0.1820586387,0.1343897432
3.57,0.1815843253,0.1343897432
3.58,0.1811147314,0.1343897432
3.59,0.18064981,0.1343897432
3.6,0.1801895146,0.1343897432
3.61,0.1797224674,0.1332508773
3.62,0.1792600673,0.1332508773
3.63,0.1788022682,0.1332508773
3.64,0.1783490243,0.1332508773
3.65,0.1779002903,0.1332508773
3.66,0.1774560212,0.1332508773
3.67,0.1770161727,0.1332508773
3.68,0.1765807007,0.1332508773
3.69,0.1761495617,0.1332508773
3.7,0.1757227127,0.1332508773
3.71,0.1752896089,0.1321954131
3.72,0.1748608144,0.1321954131
3.73,0.1744362866,0.1321954131
3.74,0.1740159829,0.1321954131
3.75,0.1735998613,0.1321954131
3.76,0.1731878801,0.1321954131
3.77,0.1727799983,0.1321954131
3.78,0.1723761749,0.1321954131
3.79,0.1719763696,0.1321954131
3.8,0.1715805425,0.1321954131
3.81,0.1711789196,0.1312171072
3.82,0.170781293,0.1312171072
3.83,0.1703876227,0.1312171072
3.84,0.1699978696,0.1312171072
3.85,0.1696119946,0.1312171072
3.86,0.169229959,0.1312171072
3.87,0.1688517248,0.1312171072
3.88,0.1684772541,0.1312171072
3.89,0.1681065095,0.1312171072
3.9,0.1677394538,0.1312171072
3.91,0.1673670276,0.1303103119
3.92,0.1669983072,0.1303103119
3.93,0.1666332555,0.1303103119
3.94,0.1662718362,0.1303103119
3.95,0.165914013,0.1303103119
3.96,0.1655597503,0.1303103119
3.97,0.1652090125,0.1303103119
3.98,0.1648617646,0.1303103119
3.99,0.1645179719,0.1303103119
4,0.1641776,0.1303103119
4.01,0.1638322503,0.1294696629
4.02,0.1634903368,0.1294696629
4.03,0.1631518255,0.1294696629
4.04,0.1628166824,0.1294696629
4.05,0.162484874,0.1294696629
4.06,0.1621563671,0.1294696629
4.07,0.161831129,0.1294696629
4.08,0.161509127,0.1294696629
4.09,0.161190329,0.1294696629
4.1,0.1608747031,0.1294696629
4.11,0.1605544633,0.1286903322
4.12,0.1602374099,0.1286903322
4.13,0.1599235112,0.1286903322
4.14,0.1596127359,0.1286903322
4.15,0.1593050529,0.1286903322
4.16,0.1590004313,0.1286903322
4.17,0.1586988408,0.1286903322
4.18,0.1584002511,0.1286903322
4.19,0.1581046325,0.1286903322
4.2,0.1578119553,0.1286903322
4.21,0.1575150012,0.1279678196
4.22,0.1572210018,0.1279678196
4.23,0.1569299278,0.1279678196
4.24,0.15664175,0.1279678196
4.25,0.1563564397,0.1279678196
4.26,0.1560739682,0.1279678196
4.27,0.1557943073,0.1279678196
4.28,0.1555174291,0.1279678196
4.29,0.1552433059,0.1279678196
4.3,0.1549719103,0.1279678196
4.31,0.15469655,0.1272979677
4.32,0.1544239296,0.1272979677
4.33,0.1541540217,0.1272979677
4.34,0.1538867995,0.1272979677
4.35,0.1536222362,0.1272979677
4.36,0.1533603054,0.1272979677
4.37,0.1531009808,0.1272979677
4.38,0.1528442365,0.1272979677
4.39,0.1525900469,0.1272979677
4.4,0.1523383865,0.1272979677
4.41,0.15208305,0.1266768575
4.42,0.1518302542,0.1266768575
4.43,0.1515799737,0.1266768575
4.44,0.1513321836,0.1266768575
4.45,0.151086859,0.1266768575
4.46,0.1508439754,0.1266768575
4.47,0.1506035086,0.1266768575
4.48,0.1503654344,0.1266768575
4.49,0.1501297291,0.1266768575
4.5,0.1498963692,0.1266768575
4.51,0.1496596012,0.1261009872
4.52,0.149425189,0.1261009872
4.53,0.1491931093,0.1261009872
4.54,0.1489633389,0.1261009872
4.55,0.1487358547,0.1261009872
4.56,0.148510634,0.1261009872
4.57,0.1482876543,0.1261009872
4.58,0.1480668933,0.1261009872
4.59,0.1478483288,0.1261009872
4.6,0.1476319392,0.1261009872
4.61,0.1474123897,0.1255670339
4.62,0.1471950248,0.1255670339
4.63,0.1469798227,0.1255670339
4.64,0.1467667619,0.1255670339
4.65,0.1465558211,0.1255670339
4.66,0.1463469791,0.1255670339
4.67,0.1461402152,0.1255670339
4.68,0.1459355087,0.1255670339
4.69,0.1457328389,0.1255670339
4.7,0.1455321858,0.1255670339
4.71,0.1453286027,0.125071913
4.72,0.1451270453,0.125071913
4.73,0.1449274934,0.125071913
4.74,0.1447299271,0.125071913
4.75,0.1445343266,0.125071913
4.76,0.1443406723,0.125071913
4.77,0.144148945,0.125071913
4.78,0.1439591253,0.125071913
4.79,0.1437711944,0.125071913
4.8,0.1435851335,0.125071913
4.81,0.1433963558,0.1246128231
4.82,0.1432094566,0.1246128231
4.83,0.143024417,0.1246128231
4.84,0.1428412185,0.1246128231
4.85,0.142659843,0.1246128231
4.86,0.1424802721,0.1246128231
4.87,0.142302488,0.1246128231
4.88,0.1421264729,0.1246128231
4.89,0.1419522092,0.1246128231
4.9,0.1417796794,0.1246128231
4.91,0.1416046304,0.1241871044
4.92,0.1414313231,0.1241871044
4.93,0.1412597403,0.1241871044
4.94,0.1410898647,0.1241871044
4.95,0.1409216794,0.1241871044
4.96,0.1407551676,0.1241871044
4.97,0.1405903127,0.1241871044
4.98,0.140427098,0.1241871044
4.99,0.1402655074,0.1241871044
5,0.1401055246,0.1241871044
5.01,0.139943206,0.1237923652
5.02,0.1397825024,0.1237923652
5.03,0.1396233979,0.1237923652
5.04,0.1394658765,0.1237923652
5.05,0.1393099224,0.1237923652
5.06,0.1391555202,0.1237923652
5.07,0.1390026542,0.1237923652
5.08,0.1388513093,0.1237923652
5.09,0.1387014703,0.1237923652
5.1,0.1385531222,0.1237923652
5.11,0.138402608,0.1234263107
5.12,0.1382535913,0.1234263107
5.13,0.1381060574,0.1234263107
5.14,0.1379599915,0.1234263107
5.15,0.1378153789,0.1234263107
5.16,0.1376722053,0.1234263107
5.17,0.1375304563,0.1234263107
5.18,0.1373901177,0.1234263107
5.19,0.1372511755,0.1234263107
5.2,0.1371136158,0.1234263107
5.21,0.1369740474,0.1230868772
5.22,0.1368358678,0.1230868772
5.23,0.136699063,0.1230868772
5.24,0.1365636195,0.1230868772
5.25,0.1364295237,0.1230868772
5.26,0.1362967622,0.1230868772
5.27,0.1361653216,0.1230868772
5.28,0.1360351889,0.1230868772
5.29,0.1359063511,0.1230868772
5.3,0.1357787952,0.1230868772
5.31,0.1356493765,0.1227721125
5.32,0.1355212456,0.1227721125
5.33,0.1353943896,0.1227721125
5.34,0.1352687959,0.1227721125
5.35,0.1351444518,0.1227721125
5.36,0.1350213449,0.1227721125
5.37,0.134899463,0.1227721125
5.38,0.1347787939,0.1227721125
5.39,0.1346593254,0.1227721125
5.4,0.1345410457,0.1227721125
5.41,0.1344210387,0.1224802434
5.42,0.1343022258,0.1224802434
5.43,0.1341845951,0.1224802434
5.44,0.1340681349,0.1224802434
5.45,0.1339528334,0.1224802434
5.46,0.1338386792,0.1224802434
5.47,0.1337256609,0.1224802434
5.48,0.1336137671,0.1224802434
5.49,0.1335029867,0.1224802434
5.5,0.1333933086,0.1224802434
5.51,0.1332820286,0.1222095788
5.52,0.1331718559,0.1222095788
5.53,0.1330627794,0.1222095788
5.54,0.1329547883,0.1222095788
5.55,0.1328478717,0.1222095788
5.56,0.1327420189,0.1222095788
5.57,0.1326372194,0.1222095788
5.58,0.1325334626,0.1222095788
5.59,0.1324307382,0.1222095788
5.6,0.132329036,0.1222095788
5.61,0.1322258483,0.1219585836
5.62,0.1321236873,0.1219585836
5.63,0.1320225428,0.1219585836
5.64,0.1319224048,0.1219585836
5.65,0.1318232631,0.1219585836
5.66,0.1317251079,0.1219585836
5.67,0.1316279293,0.1219585836
5.68,0.1315317178,0.1219585836
5.69,0.1314364635,0.1219585836
5.7,0.131342157,0.1219585836
5.71,0.131246473,0.1217258349
5.72,0.1311517411,0.1217258349
5.73,0.1310579517,0.1217258349
5.74,0.1309650956,0.1217258349
5.75,0.1308731634,0.1217258349
5.76,0.130782146,0.1217258349
5.77,0.1306920342,0.1217258349
5.78,0.130602819,0.1217258349
5.79,0.1305144916,0.1217258349
5.8,0.130427043,0.1217258349
5.81,0.1303383172,0.1215100288
5.82,0.1302504743,0.1215100288
5.83,0.1301635054,0.1215100288
5.84,0.1300774019,0.1215100288
5.85,0.1299921551,0.1215100288
5.86,0.1299077565,0.1215100288
5.87,0.1298241977,0.1215100288
5.88,0.1297414704,0.1215100288
5.89,0.1296595661,0.1215100288
5.9,0.1295784769,0.1215100288
5.91,0.1294962031,0.1213098913
5.92,0.1294147479,0.1213098913
5.93,0.1293341033,0.1213098913
5.94,0.129254261,0.1213098913
5.95,0.1291752132,0.1213098913
5.96,0.129096952,0.1213098913
5.97,0.1290194694,0.1213098913
5.98,0.1289427578,0.1213098913
5.99,0.1288668095,0.1213098913
6,0.128791617,0.1213098913
6.01,0.1287153258,0.1211242899
6.02,0.1286397937,0.1211242899
6.03,0.1285650132,0.1211242899
6.04,0.1284909768,0.1211242899
6.05,0.128417677,0.1211242899
6.06,0.1283451066,0.1211242899
6.07,0.1282732583,0.1211242899
6.08,0.1282021249,0.1211242899
6.09,0.1281316992,0.1211242899
6.1,0.1280619743,0.1211242899
6.11,0.1279912309,0.1209521964
6.12,0.1279211913,0.1209521964
6.13,0.1278518487,0.1209521964
6.14,0.127783196,0.1209521964
6.15,0.1277152264,0.1209521964
6.16,0.1276479331,0.1209521964
6.17,0.1275813094,0.1209521964
6.18,0.1275153486,0.1209521964
6.19,0.1274500442,0.1209521964
6.2,0.1273853895,0.1209521964
6.21,0.1273197904,0.1207926199
6.22,0.127254844,0.1207926199
6.23,0.1271905437,0.1207926199
6.24,0.1271268833,0.1207926199
6.25,0.1270638564,0.1207926199
6.26,0.1270014565,0.1207926199
6.27,0.1269396776,0.1207926199
6.28,0.1268785133,0.1207926199
6.29,0.1268179577,0.1207926199
6.3,0.1267580046,0.1207926199
6.31,0.1266971752,0.1206445992
6.32,0.126636951,0.1206445992
6.33,0.1265773261,0.1206445992
6.34,0.1265182945,0.1206445992
6.35,0.1264598503,0.1206445992
6.36,0.1264019876,0.1206445992
6.37,0.1263447006,0.1206445992
6.38,0.1262879836,0.1206445992
6.39,0.126231831,0.1206445992
6.4,0.1261762371,0.1206445992
6.41,0.126119831,0.1205073744
6.42,0.1260639861,0.1205073744
6.43,0.1260086969,0.1205073744
6.44,0.1259539579,0.1205073744
6.45,0.1258997634,0.1205073744
6.46,0.1258461083,0.1205073744
6.47,0.125792987,0.1205073744
6.48,0.1257403943,0.1205073744
6.49,0.1256883248,0.1205073744
6.5,0.1256367735,0.1205073744
6.51,0.1255844689,0.120380111
6.52,0.1255326847,0.120380111
6.53,0.1254814157,0.120380111
6.54,0.1254306569,0.120380111
6.55,0.1253804031,0.120380111
6.56,0.1253306494,0.120380111
6.57,0.1252813907,0.120380111
6.58,0.1252326221,0.120380111
6.59,0.1251843388,0.120380111
6.6,0.125136536,0.120380111
6.61,0.1250880346,0.1202621087
6.62,0.1250400159,0.1202621087
6.63,0.1249924749,0.1202621087
6.64,0.124945407,0.1202621087
6.65,0.1248988074,0.1202621087
6.66,0.1248526714,0.1202621087
6.67,0.1248069946,0.1202621087
6.68,0.1247617722,0.1202621087
6.69,0.1247169998,0.1202621087
6.7,0.1246726729,0.1202621087
6.71,0.1246276983,0.1201526821
6.72,0.1245831711,0.1201526821
6.73,0.124539087,0.1201526821
6.74,0.1244954415,0.1201526821
6.75,0.1244522304,0.1201526821
6.76,0.1244094491,0.1201526821
6.77,0.1243670936,0.1201526821
6.78,0.1243251595,0.1201526821
6.79,0.1242836427,0.1201526821
6.8,0.1242425389,0.1201526821
6.81,0.1242008343,0.1200511903
6.82,0.1241595447,0.1200511903
6.83,0.1241186659,0.1200511903
6.84,0.1240781938,0.1200511903
6.85,0.1240381244,0.1200511903
6.86,0.1239984538,0.1200511903
6.87,0.1239591779,0.1200511903
6.88,0.1239202927,0.1200511903
6.89,0.1238817945,0.1200511903
6.9,0.1238436794,0.1200511903
6.91,0.1238050071,0.119957082
6.92,0.1237667196,0.119957082
6.93,0.1237288131,0.119957082
6.94,0.1236912837,0.119957082
6.95,0.1236541278,0.119957082
6.96,0.1236173416,0.119957082
6.97,0.1235809214,0.119957082
6.98,0.1235448636,0.119957082
6.99,0.1235091645,0.119957082
7,0.1234738207,0.119957082
7.01,0.1234379605,0.1198698357
7.02,0.1234024571,0.1198698357
7.03,0.1233673069,0.1198698357
7.04,0.1233325065,0.1198698357
7.05,0.1232980523,0.1198698357
7.06,0.123263941,0.1198698357
7.07,0.1232301691,0.1198698357
7.08,0.1231967332,0.1198698357
7.09,0.12316363,0.1198698357
7.1,0.1231308562,0.1198698357
7.11,0.1230976033,0.1197889075
7.12,0.1230646812,0.1197889075
7.13,0.1230320867,0.1197889075
7.14,0.1229998166,0.1197889075
7.15,0.1229678675,0.1197889075
7.16,0.1229362363,0.1197889075
7.17,0.1229049198,0.1197889075
7.18,0.122873915,0.1197889075
7.19,0.1228432187,0.1197889075
7.2,0.1228128278,0.1197889075
7.21,0.1227819926,0.1197138652
7.22,0.1227514642,0.1197138652
7.23,0.1227212396,0.1197138652
7.24,0.1226913157,0.1197138652
7.25,0.1226616896,0.1197138652
7.26,0.1226323582,0.1197138652
7.27,0.1226033188,0.1197138652
7.28,0.1225745682,0.1197138652
7.29,0.1225461037,0.1197138652
7.3,0.1225179225,0.1197138652
7.31,0.1224893295,0.1196442991
7.32,0.122461021,0.1196442991
7.33,0.1224329941,0.1196442991
7.34,0.1224052461,0.1196442991
7.35,0.1223777742,0.1196442991
7.36,0.1223505757,0.1196442991
7.37,0.1223236478,0.1196442991
7.38,0.1222969878,0.1196442991
7.39,0.1222705932,0.1196442991
7.4,0.1222444611,0.1196442991
7.41,0.1222179469,0.1195797622
7.42,0.1221916965,0.1195797622
7.43,0.1221657074,0.1195797622
7.44,0.1221399768,0.1195797622
7.45,0.1221145022,0.1195797622
7.46,0.1220892811,0.1195797622
7.47,0.122064311,0.1195797622
7.48,0.1220395893,0.1195797622
7.49,0.1220151136,0.1195797622
7.5,0.1219908815,0.1195797622
7.51,0.121966295,0.1195199192
7.52,0.1219419532,0.1195199192
7.53,0.1219178535,0.1195199192
7.54,0.1218939937,0.1195199192
7.55,0.1218703712,0.1195199192
7.56,0.1218469838,0.1195199192
7.57,0.1218238292,0.1195199192
7.58,0.1218009049,0.1195199192
7.59,0.1217782087,0.1195199192
7.6,0.1217557383,0.1195199192
7.61,0.1217329395,0.1194644347
7.62,0.1217103675,0.1194644347
7.63,0.1216880201,0.1194644347
7.64,0.1216658951,0.1194644347
7.65,0.1216439902,0.1194644347
7.66,0.1216223032,0.1194644347
7.67,0.1216008321,0.1194644347
7.68,0.1215795746,0.1194644347
7.69,0.1215585286,0.1194644347
7.7,0.121537692,0.1194644347
7.71,0.1215165508,0.1194129884
7.72,0.12149562,0.1194129884
7.73,0.1214748975,0.1194129884
7.74,0.1214543812,0.1194129884
7.75,0.121434069,0.1194129884
7.76,0.1214139589,0.1194129884
7.77,0.1213940489,0.1194129884
7.78,0.121374337,0.1194129884
7.79,0.1213548213,0.1194129884
7.8,0.1213354997,0.1194129884
7.81,0.1213158957,0.1193652824
7.82,0.1212964868,0.1193652824
7.83,0.121277271,0.1193652824
7.84,0.1212582464,0.1193652824
7.85,0.1212394111,0.1193652824
7.86,0.1212207632,0.1193652824
7.87,0.1212023009,0.1193652824
7.88,0.1211840222,0.1193652824
7.89,0.1211659255,0.1193652824
7.9,0.1211480088,0.1193652824
7.91,0.1211298301,0.1193210334
7.92,0.1211118322,0.1193210334
7.93,0.1210940135,0.1193210334
7.94,0.121076372,0.1193210334
7.95,0.1210589061,0.1193210334
7.96,0.121041614,0.1193210334
7.97,0.1210244939,0.1193210334
7.98,0.1210075442,0.1193210334
7.99,0.1209907632,0.1193210334
8,0.1209741491,0.1193210334
8.01,0.1209572921,0.1192800105
8.02,0.1209406029,0.1192800105
8.03,0.1209240797,0.1192800105
8.04,0.120907721,0.1192800105
8.05,0.120891525,0.1192800105
8.06,0.1208754901,0.1192800105
8.07,0.1208596148,0.1192800105
8.08,0.1208438975,0.1192800105
8.09,0.1208283366,0.1192800105
8.1,0.1208129305,0.1192800105
8.11,0.1207972991,0.1192419603
8.12,0.1207818232,0.1192419603
8.13,0.1207665013,0.1192419603
8.14,0.1207513319,0.1192419603
8.15,0.1207363134,0.1192419603
8.16,0.1207214443,0.1192419603
8.17,0.1207067232,0.1192419603
8.18,0.1206921486,0.1192419603
8.19,0.120677719,0.1192419603
8.2,0.1206634329,0.1192419603
8.21,0.1206489378,0.1192066595
8.22,0.1206345869,0.1192066595
8.23,0.1206203788,0.1192066595
8.24,0.120606312,0.1192066595
8.25,0.1205923853,0.1192066595
8.26,0.1205785971,0.1192066595
8.27,0.120564946,0.1192066595
8.28,0.1205514309,0.1192066595
8.29,0.1205380502,0.1192066595
8.3,0.1205248026,0.1192066595
8.31,0.1205113617,0.1191739738
8.32,0.1204980544,0.1191739738
8.33,0.1204848796,0.1191739738
8.34,0.1204718359,0.1191739738
8.35,0.1204589219,0.1191739738
8.36,0.1204461365,0.1191739738
8.37,0.1204334783,0.1191739738
8.38,0.120420946,0.1191739738
8.39,0.1204085384,0.1191739738
8.4,0.1203962543,0.1191739738
8.41,0.1203837906,0.1191436425
8.42,0.1203714509,0.1191436425
8.43,0.120359234,0.1191436425
8.44,0.1203471387,0.1191436425
8.45,0.1203351637,0.1191436425
8.46,0.1203233079,0.1191436425
8.47,0.12031157,0.1191436425
8.48,0.1202999489,0.1191436425
8.49,0.1202884435,0.1191436425
8.5,0.1202770525,0.1191436425
8.51,0.120265495,0.1191155091
8.52,0.1202540524,0.1191155091
8.53,0.1202427237,0.1191155091
8.54,0.1202315078,0.1191155091
8.55,0.1202204034,0.1191155091
8.56,0.1202094095,0.1191155091
8.57,0.120198525,0.1191155091
8.58,0.1201877488,0.1191155091
8.59,0.1201770799,0.1191155091
8.6,0.1201665171,0.1191155091
8.61,0.1201557997,0.1190894172
8.62,0.1201451891,0.1190894172
8.63,0.120134684,0.1190894172
8.64,0.1201242834,0.1190894172
8.65,0.1201139863,0.1190894172
8.66,0.1201037917,0.1190894172
8.67,0.1200936985,0.1190894172
8.68,0.1200837057,0.1190894172
8.69,0.1200738124,0.1190894172
8.7,0.1200640175,0.1190894172
8.71,0.1200540793,0.1190652251
8.72,0.1200442401,0.1190652251
8.73,0.1200344987,0.1190652251
8.74,0.1200248543,0.1190652251
8.75,0.1200153058,0.1190652251
8.76,0.1200058523,0.1190652251
8.77,0.1199964929,0.1190652251
8.78,0.1199872267,0.1190652251
8.79,0.1199780526,0.1190652251
8.8,0.1199689698,0.1190652251
8.81,0.1199597543,0.1190428063
8.82,0.1199506306,0.1190428063
8.83,0.1199415976,0.1190428063
8.84,0.1199326544,0.1190428063
8.85,0.1199238003,0.1190428063
8.86,0.1199150343,0.1190428063
8.87,0.1199063555,0.1190428063
8.88,0.119897763,0.1190428063
8.89,0.119889256,0.1190428063
8.9,0.1198808337,0.1190428063
8.91,0.1198722882,0.1190220043
8.92,0.1198638278,0.1190220043
8.93,0.1198554515,0.1190220043
8.94,0.1198471585,0.1190220043
8.95,0.1198389481,0.1190220043
8.96,0.1198308194,0.1190220043
8.97,0.1198227716,0.1190220043
8.98,0.1198148038,0.1190220043
8.99,0.1198069153,0.1190220043
9,0.1197991053,0.1190220043
9.01,0.119791181,0.1190027073
9.02,0.1197833356,0.1190027073
9.03,0.1197755682,0.1190027073
9.04,0.1197678781,0.1190027073
9.05,0.1197602645,0.1190027073
9.06,0.1197527267,0.1190027073
9.07,0.1197452639,0.1190027073
9.08,0.1197378753,0.1190027073
9.09,0.1197305603,0.1190027073
9.1,0.119723318,0.1190027073
9.11,0.1197159698,0.1189848185
9.12,0.1197086948,0.1189848185
9.13,0.1197014921,0.1189848185
9.14,0.1196943611,0.1189848185
9.15,0.119687301,0.1189848185
9.16,0.1196803112,0.1189848185
9.17,0.1196733909,0.1189848185
9.18,0.1196665395,0.1189848185
9.19,0.1196597563,0.1189848185
9.2,0.1196530405,0.1189848185
9.21,0.1196462266,0.1189682335
9.22,0.1196394804,0.1189682335
9.23,0.1196328014,0.1189682335
9.24,0.1196261889,0.1189682335
9.25,0.1196196421,0.1189682335
9.26,0.1196131605,0.1189682335
9.27,0.1196067433,0.1189682335
9.28,0.1196003901,0.1189682335
9.29,0.1195941,0.1189682335
9.3,0.1195878725,0.1189682335
9.31,0.119581554,0.1189528555
9.32,0.1195752984,0.1189528555
9.33,0.1195691049,0.1189528555
9.34,0.1195629732,0.1189528555
9.35,0.1195569024,0.1189528555
9.36,0.119550892,0.1189528555
9.37,0.1195449415,0.1189528555
9.38,0.1195390501,0.1189528555
9.39,0.1195332174,0.1189528555
9.4,0.1195274427,0.1189528555
9.41,0.1195215836,0.1189385951
9.42,0.1195157827,0.1189385951
9.43,0.1195100396,0.1189385951
9.44,0.1195043536,0.1189385951
9.45,0.1194987242,0.1189385951
9.46,0.1194931509,0.1189385951
9.47,0.1194876329,0.1189385951
9.48,0.1194821699,0.1189385951
9.49,0.1194767613,0.1189385951
9.5,0.1194714064,0.1189385951
9.51,0.1194659733,0.1189253703
9.52,0.1194605942,0.1189253703
9.53,0.1194552686,0.1189253703
9.54,0.1194499961,0.1189253703
9.55,0.1194447759,0.1189253703
9.56,0.1194396078,0.1189253703
9.57,0.119434491,0.1189253703
9.58,0.1194294252,0.1189253703
9.59,0.1194244098,0.1189253703
9.6,0.1194194442,0.1189253703
9.61,0.1194144062,0.1189131141
9.62,0.1194094182,0.1189131141
9.63,0.1194044799,0.1189131141
9.64,0.1193995907,0.1189131141
9.65,0.1193947502,0.1189131141
9.66,0.1193899579,0.1189131141
9.67,0.1193852132,0.1189131141
9.68,0.1193805157,0.1189131141
9.69,0.119375865,0.1189131141
9.7,0.1193712606,0.1189131141
9.71,0.1193665886,0.1189017221
9.72,0.1193619631,0.1189017221
9.73,0.1193573836,0.1189017221
9.74,0.1193528497,0.1189017221
9.75,0.1193483609,0.1189017221
9.76,0.1193439168,0.1189017221
9.77,0.1193395169,0.1189017221
9.78,0.1193351607,0.1189017221
9.79,0.1193308479,0.1189017221
9.8,0.1193265781,0.1189017221
9.81,0.1193222458,0.1188911796
9.82,0.1193179566,0.1188911796
9.83,0.1193137101,0.1188911796
9.84,0.1193095059,0.1188911796
9.85,0.1193053435,0.1188911796
9.86,0.1193012225,0.1188911796
9.87,0.1192971425,0.1188911796
9.88,0.1192931031,0.1188911796
9.89,0.1192891039,0.1188911796
9.9,0.1192851444,0.1188911796
9.91,0.1192811272,0.1188814119
9.92,0.11927715,0.1188814119
9.93,0.1192732124,0.1188814119
9.94,0.1192693139,0.1188814119
9.95,0.1192654542,0.1188814119
9.96,0.1192616329,0.1188814119
9.97,0.1192578496,0.1188814119
9.98,0.119254104,0.1188814119
9.99,0.1192503957,0.1188814119
10,0.1192467242,0.1188814119
