time,y1,y2,y3
0,1,0,0
0.01,0.9996006827,3.645048138e-05,0.0003628668299
0.02,0.9992029678,3.637706892e-05,0.0007606550966
0.03,0.9988068503,3.630407284e-05,0.001156845615
0.04,0.998412318,3.623148604e-05,0.001551450558
0.05,0.9980193587,3.615930542e-05,0.001944481962
0.06,0.9976279607,3.608752739e-05,0.002335951734
0.07,0.9972381122,3.601614849e-05,0.002725871654
0.08,0.9968498015,3.594516527e-05,0.003114253377
0.09,0.996463017,3.587457434e-05,0.003501108429
0.1,0.9960777474,3.580437234e-05,0.003886448218
0.11,0.9956939814,3.573455596e-05,0.004270284027
0.12,0.9953117079,3.56651219e-05,0.004652627023
0.13,0.9949309157,3.559606693e-05,0.005033488252
0.14,0.994551594,3.552738783e-05,0.005412878646
0.15,0.9941737319,3.545908144e-05,0.005790809021
0.16,0.9937973188,3.539114461e-05,0.00616729008
0.17,0.993422344,3.532357425e-05,0.006542332415
0.18,0.9930487971,3.525636728e-05,0.006915946506
0.19,0.9926766678,3.518952068e-05,0.007288142727
0.2,0.9923059456,3.512303144e-05,0.007658931342
0.21,0.9919366206,3.505689659e-05,0.008028322511
0.22,0.9915686826,3.499111322e-05,0.008396326289
0.23,0.9912021217,3.492567841e-05,0.008762952627
0.24,0.990836928,3.486058929e-05,0.009128211376
0.25,0.9904730919,3.479584303e-05,0.009492112285
0.26,0.9901106036,3.473143682e-05,0.009854665005
0.27,0.9897494535,3.466736788e-05,0.01021587909
0.28,0.9893896324,3.460363348e-05,0.01057576399
0.29,0.9890311307,3.454023088e-05,0.01093432908
0.3,0.9886739392,3.447715741e-05,0.01129158361
0.31,0.9883180488,3.441441041e-05,0.01164753676
0.32,0.9879634504,3.435198725e-05,0.01200219762
0.33,0.9876101349,3.428988532e-05,0.01235557518
0.34,0.9872580936,3.422810206e-05,0.01270767833
0.35,0.9869073175,3.416663491e-05,0.0130585159
0.36,0.9865577979,3.410548137e-05,0.01340809661
0.37,0.9862095263,3.404463893e-05,0.0137564291
0.38,0.985862494,3.398410514e-05,0.01410352192
0.39,0.9855166926,3.392387755e-05,0.01444938356
0.4,0.9851721136,3.386395375e-05,0.0147940224
0.41,0.9848287489,3.380433135e-05,0.01513744675
0.42,0.9844865902,3.374500799e-05,0.01547966484
0.43,0.9841456292,3.368598133e-05,0.01582068481
0.44,0.983805858,3.362724905e-05,0.01616051474
0.45,0.9834672686,3.356880887e-05,0.01649916261
0.46,0.983129853,3.351065852e-05,0.01683663634
0.47,0.9827936034,3.345279575e-05,0.01717294376
0.48,0.9824585121,3.339521835e-05,0.01750809265
0.49,0.9821245714,3.333792412e-05,0.0178420907
0.5,0.9817917736,3.328091088e-05,0.01817494551
0.51,0.9814601112,3.322417649e-05,0.01850666463
0.52,0.9811295767,3.31677188e-05,0.01883725555
0.53,0.9808001628,3.311153573e-05,0.01916672565
0.54,0.9804718621,3.305562517e-05,0.01949508228
0.55,0.9801446673,3.299998506e-05,0.01982233269
0.56,0.9798185713,3.294461336e-05,0.02014848409
0.57,0.9794935669,3.288950805e-05,0.0204735436
0.58,0.979169647,3.283466711e-05,0.0207975183
0.59,0.9788468047,3.278008857e-05,0.02112041516
0.6,0.9785250331,3.272577046e-05,0.02144224114
0.61,0.9782043252,3.267171084e-05,0.02176300309
0.62,0.9778846743,3.261790778e-05,0.02208270783
0.63,0.9775660735,3.256435938e-05,0.02240136209
0.64,0.9772485164,3.251106375e-05,0.02271897257
0.65,0.9769319961,3.245801903e-05,0.02303554587
0.66,0.9766165062,3.240522335e-05,0.02335108856
0.67,0.9763020402,3.235267491e-05,0.02366560715
0.68,0.9759885916,3.230037187e-05,0.02397910806
0.69,0.975676154,3.224831244e-05,0.0242915977
0.7,0.9753647211,3.219649485e-05,0.02460308237
0.71,0.9750542867,3.214491734e-05,0.02491356836
0.72,0.9747448445,3.209357815e-05,0.02522306188
0.73,0.9744363884,3.204247558e-05,0.02553156908
0.74,0.9741289123,3.19916079e-05,0.02583909607
0.75,0.9738224101,3.194097342e-05,0.0261456489
0.76,0.9735168759,3.189057046e-05,0.02645123355
0.77,0.9732123036,3.184039738e-05,0.02675585598
0.78,0.9729086875,3.179045251e-05,0.02705952207
0.79,0.9726060216,3.174073423e-05,0.02736223766
0.8,0.9723043002,3.169124093e-05,0.02766400853
0.81,0.9720035176,3.164197101e-05,0.02796484043
0.82,0.971703668,3.159292288e-05,0.02826473904
0.83,0.9714047459,3.154409499e-05,0.02856370999
0.84,0.9711067456,3.149548577e-05,0.02886175887
0.85,0.9708096617,3.144709368e-05,0.02915889122
0.86,0.9705134885,3.139891721e-05,0.02945511253
0.87,0.9702182208,3.135095484e-05,0.02975042825
0.88,0.969923853,3.130320508e-05,0.03004484377
0.89,0.9696303799,3.125566645e-05,0.03033836444
0.9,0.9693377961,3.120833748e-05,0.03063099556
0.91,0.9690460964,3.116121671e-05,0.0309227424
0.92,0.9687552755,3.11143027e-05,0.03121361017
0.93,0.9684653284,3.106759403e-05,0.03150360404
0.94,0.9681762498,3.102108929e-05,0.03179272913
0.95,0.9678880347,3.097478707e-05,0.03208099053
0.96,0.967600678,3.092868598e-05,0.03236839329
0.97,0.9673141748,3.088278466e-05,0.03265494238
0.98,0.9670285201,3.083708173e-05,0.03294064278
0.99,0.966743709,3.079157585e-05,0.0332254994
1,0.9664597366,3.074626567e-05,0.03350951711
1.01,0.9661765981,3.070114988e-05,0.03379270074
1.02,0.9658942887,3.065622716e-05,0.03407505508
1.03,0.9656128036,3.061149621e-05,0.0343565849
1.04,0.9653321382,3.056695574e-05,0.03463729489
1.05,0.9650522877,3.052260447e-05,0.03491718974
1.06,0.9647732475,3.047844113e-05,0.03519627408
1.07,0.964495013,3.043446446e-05,0.03547455251
1.08,0.9642175797,3.039067324e-05,0.03575202959
1.09,0.9639409431,3.034706621e-05,0.03602870985
1.1,0.9636650986,3.030364216e-05,0.03630459776
1.11,0.9633900418,3.026039988e-05,0.03657969778
1.12,0.9631157683,3.021733817e-05,0.03685401433
1.13,0.9628422738,3.017445583e-05,0.03712755177
1.14,0.9625695538,3.01317517e-05,0.03740031446
1.15,0.9622976041,3.008922459e-05,0.0376723067
1.16,0.9620264204,3.004687335e-05,0.03794353277
1.17,0.9617559984,3.000469684e-05,0.03821399689
1.18,0.961486334,2.996269391e-05,0.03848370328
1.19,0.961217423,2.992086344e-05,0.03875265611
1.2,0.9609492613,2.98792043e-05,0.03902085952
1.21,0.9606818447,2.98377154e-05,0.03928831761
1.22,0.9604151692,2.979639563e-05,0.03955503445
1.23,0.9601492307,2.975524389e-05,0.03982101409
1.24,0.9598840252,2.971425912e-05,0.04008626053
1.25,0.9596195488,2.967344024e-05,0.04035077775
1.26,0.9593557975,2.963278618e-05,0.04061456969
1.27,0.9590927674,2.95922959e-05,0.04087764028
1.28,0.9588304546,2.955196835e-05,0.04113999339
1.29,0.9585688553,2.951180251e-05,0.04140163288
1.3,0.9583079656,2.947179733e-05,0.04166256258
1.31,0.9580477818,2.943195181e-05,0.04192278627
1.32,0.9577883,2.939226494e-05,0.04218230772
1.33,0.9575295166,2.935273571e-05,0.04244113068
1.34,0.9572714278,2.931336315e-05,0.04269925883
1.35,0.95701403,2.927414625e-05,0.04295669587
1.36,0.9567573195,2.923508406e-05,0.04321344545
1.37,0.9565012926,2.919617559e-05,0.04346951118
1.38,0.9562459459,2.915741991e-05,0.04372489667
1.39,0.9559912757,2.911881605e-05,0.04397960547
1.4,0.9557372785,2.908036307e-05,0.04423364114
1.41,0.9554839508,2.904206004e-05,0.04448700717
1.42,0.955231289,2.900390603e-05,0.04473970707
1.43,0.9549792898,2.896590012e-05,0.04499174428
1.44,0.9547279497,2.892804141e-05,0.04524312225
1.45,0.9544772653,2.889032898e-05,0.04549384439
1.46,0.9542272332,2.885276195e-05,0.04574391406
1.47,0.95397785,2.881533942e-05,0.04599333465
1.48,0.9537291125,2.877806051e-05,0.04624210947
1.49,0.9534810172,2.874092434e-05,0.04649024183
1.5,0.9532335611,2.870393006e-05,0.04673773502
1.51,0.9529867406,2.86670768e-05,0.04698459229
1.52,0.9527405527,2.863036371e-05,0.04723081689
1.53,0.9524949942,2.859378993e-05,0.04747641202
1.54,0.9522500618,2.855735464e-05,0.04772138087
1.55,0.9520057523,2.8521057e-05,0.0479657266
1.56,0.9517620628,2.848489619e-05,0.04820945235
1.57,0.9515189899,2.844887138e-05,0.04845256124
1.58,0.9512765307,2.841298176e-05,0.04869505637
1.59,0.951034682,2.837722653e-05,0.0489369408
1.6,0.9507934408,2.834160488e-05,0.0491782176
1.61,0.9505528041,2.830611604e-05,0.04941888977
1.62,0.9503127689,2.82707592e-05,0.04965896034
1.63,0.9500733322,2.823553359e-05,0.04989843228
1.64,0.949834491,2.820043843e-05,0.05013730856
1.65,0.9495962424,2.816547296e-05,0.05037559212
1.66,0.9493585835,2.813063641e-05,0.05061328587
1.67,0.9491215113,2.809592803e-05,0.05085039273
1.68,0.9488850231,2.806134707e-05,0.05108691556
1.69,0.9486491159,2.802689279e-05,0.05132285722
1.7,0.9484137869,2.799256444e-05,0.05155822055
1.71,0.9481790333,2.79583613e-05,0.05179300838
1.72,0.9479448522,2.792428264e-05,0.05202722349
1.73,0.947711241,2.789032773e-05,0.05226086866
1.74,0.9474781969,2.785649586e-05,0.05249394665
1.75,0.947245717,2.782278633e-05,0.05272646021
1.76,0.9470137988,2.778919843e-05,0.05295841204
1.77,0.9467824394,2.775573145e-05,0.05318980486
1.78,0.9465516363,2.772238471e-05,0.05342064133
1.79,0.9463213867,2.768915753e-05,0.05365092413
1.8,0.946091688,2.76560492e-05,0.0538806559
1.81,0.9458625377,2.762305907e-05,0.05410983926
1.82,0.945633933,2.759018645e-05,0.05433847683
1.83,0.9454058714,2.755743069e-05,0.05456657118
1.84,0.9451783503,2.752479111e-05,0.0547941249
1.85,0.9449513672,2.749226706e-05,0.05502114053
1.86,0.9447249195,2.745985789e-05,0.05524762061
1.87,0.9444990048,2.742756296e-05,0.05547356766
1.88,0.9442736204,2.739538162e-05,0.05569898419
1.89,0.944048764,2.736331323e-05,0.05592387267
1.9,0.9438244331,2.733135716e-05,0.05614823558
1.91,0.9436006251,2.729951279e-05,0.05637207536
1.92,0.9433773378,2.726777949e-05,0.05659539445
1.93,0.9431545686,2.723615664e-05,0.05681819526
1.94,0.9429323152,2.720464364e-05,0.05704048021
1.95,0.9427105751,2.717323987e-05,0.05726225166
1.96,0.9424893461,2.714194472e-05,0.05748351199
1.97,0.9422686257,2.71107576e-05,0.05770426356
1.98,0.9420484116,2.707967792e-05,0.0579245087
1.99,0.9418287016,2.704870508e-05,0.05814424973
2,0.9416094932,2.701783849e-05,0.05836348895
2.01,0.9413907843,2.698707758e-05,0.05858222867
2.02,0.9411725724,2.695642177e-05,0.05880047114
2.03,0.9409548555,2.692587048e-05,0.05901821864
2.04,0.9407376312,2.689542314e-05,0.05923547341
2.05,0.9405208972,2.686507919e-05,0.05945223767
2.06,0.9403046515,2.683483807e-05,0.05966851365
2.07,0.9400888918,2.680469922e-05,0.05988430354
2.08,0.9398736158,2.677466209e-05,0.06009960954
2.09,0.9396588215,2.674472613e-05,0.0603144338
2.1,0.9394445066,2.67148908e-05,0.0605287785
2.11,0.9392306691,2.668515555e-05,0.06074264577
2.12,0.9390173067,2.665551984e-05,0.06095603774
2.13,0.9388044175,2.662598316e-05,0.06116895653
2.14,0.9385919992,2.659654496e-05,0.06138140424
2.15,0.9383800498,2.656720472e-05,0.06159338296
2.16,0.9381685673,2.653796192e-05,0.06180489477
2.17,0.9379575495,2.650881604e-05,0.06201594172
2.18,0.9377469944,2.647976657e-05,0.06222652586
2.19,0.9375369,2.6450813e-05,0.06243664923
2.2,0.9373272642,2.642195482e-05,0.06264631386
2.21,0.9371180851,2.639319153e-05,0.06285552174
2.22,0.9369093606,2.636452262e-05,0.06306427487
2.23,0.9367010888,2.633594762e-05,0.06327257524
2.24,0.9364932677,2.630746601e-05,0.06348042482
2.25,0.9362858954,2.627907731e-05,0.06368782557
2.26,0.9360789698,2.625078105e-05,0.06389477943
2.27,0.9358724891,2.622257672e-05,0.06410128833
2.28,0.9356664513,2.619446387e-05,0.0643073542
2.29,0.9354608546,2.6166442e-05,0.06451297894
2.3,0.935255697,2.613851066e-05,0.06471816446
2.31,0.9350509767,2.611066937e-05,0.06492291263
2.32,0.9348466918,2.608291766e-05,0.06512722533
2.33,0.9346428403,2.605525508e-05,0.06533110442
2.34,0.9344394206,2.602768117e-05,0.06553455175
2.35,0.9342364306,2.600019546e-05,0.06573756916
2.36,0.9340338687,2.597279752e-05,0.06594015847
2.37,0.933831733,2.594548688e-05,0.0661423215
2.38,0.9336300217,2.591826311e-05,0.06634406006
2.39,0.9334287329,2.589112575e-05,0.06654537593
2.4,0.933227865,2.586407438e-05,0.0667462709
2.41,0.9330274161,2.583710855e-05,0.06694674674
2.42,0.9328273846,2.581022783e-05,0.06714680521
2.43,0.9326277685,2.578343178e-05,0.06734644805
2.44,0.9324285663,2.575671999e-05,0.06754567701
2.45,0.9322297761,2.573009202e-05,0.06774449382
2.46,0.9320313963,2.570354746e-05,0.06794290018
2.47,0.9318334251,2.567708588e-05,0.06814089781
2.48,0.9316358609,2.565070687e-05,0.0683384884
2.49,0.9314387019,2.562441001e-05,0.06853567364
2.5,0.9312419466,2.55981949e-05,0.06873245521
2.51,0.9310455932,2.557206112e-05,0.06892883476
2.52,0.93084964,2.554600827e-05,0.06912481396
2.53,0.9306540855,2.552003595e-05,0.06932039445
2.54,0.930458928,2.549414376e-05,0.06951557786
2.55,0.9302641658,2.546833131e-05,0.06971036582
2.56,0.9300697975,2.544259818e-05,0.06990475995
2.57,0.9298758212,2.541694401e-05,0.07009876185
2.58,0.9296822355,2.539136839e-05,0.07029237312
2.59,0.9294890388,2.536587094e-05,0.07048559534
2.6,0.9292962294,2.534045128e-05,0.0706784301
2.61,0.9291038059,2.531510902e-05,0.07087087896
2.62,0.9289117667,2.528984378e-05,0.07106294348
2.63,0.9287201101,2.52646552e-05,0.07125462521
2.64,0.9285288348,2.523954289e-05,0.07144592569
2.65,0.928337939,2.521450649e-05,0.07163684645
2.66,0.9281474214,2.518954562e-05,0.07182738901
2.67,0.9279572804,2.516465992e-05,0.07201755489
2.68,0.9277675146,2.513984903e-05,0.07220734559
2.69,0.9275781223,2.511511258e-05,0.07239676261
2.7,0.9273891021,2.509045021e-05,0.07258580743
2.71,0.9272004526,2.506586157e-05,0.07277448153
2.72,0.9270121723,2.504134631e-05,0.07296278638
2.73,0.9268242596,2.501690406e-05,0.07315072345
2.74,0.9266367133,2.499253449e-05,0.07333829417
2.75,0.9264495318,2.496823724e-05,0.07352550001
2.76,0.9262627136,2.494401196e-05,0.07371234239
2.77,0.9260762574,2.491985832e-05,0.07389882274
2.78,0.9258901617,2.489577597e-05,0.07408494248
2.79,0.9257044252,2.487176458e-05,0.07427070302
2.8,0.9255190464,2.484782381e-05,0.07445610576
2.81,0.9253340239,2.482395332e-05,0.07464115211
2.82,0.9251493564,2.480015278e-05,0.07482584343
2.83,0.9249650425,2.477642186e-05,0.07501018112
2.84,0.9247810807,2.475276024e-05,0.07519416655
2.85,0.9245974698,2.472916758e-05,0.07537780108
2.86,0.9244142083,2.470564356e-05,0.07556108605
2.87,0.924231295,2.468218787e-05,0.07574402283
2.88,0.9240487284,2.465880018e-05,0.07592661275
2.89,0.9238665074,2.463548018e-05,0.07610885715
2.9,0.9236846304,2.461222754e-05,0.07629075734
2.91,0.9235030963,2.458904196e-05,0.07647231465
2.92,0.9233219037,2.456592312e-05,0.07665353038
2.93,0.9231410513,2.454287072e-05,0.07683440584
2.94,0.9229605378,2.451988444e-05,0.07701494233
2.95,0.9227803619,2.449696398e-05,0.07719514113
2.96,0.9226005224,2.447410904e-05,0.07737500352
2.97,0.9224210179,2.445131931e-05,0.07755453077
2.98,0.9222418472,2.44285945e-05,0.07773372416
2.99,0.9220630091,2.44059343e-05,0.07791258494
3,0.9218845023,2.438333842e-05,0.07809111437
3.01,0.9217063255,2.436080657e-05,0.07826931369
3.02,0.9215284775,2.433833845e-05,0.07844718414
3.03,0.9213509571,2.431593377e-05,0.07862472694
3.04,0.9211737631,2.429359225e-05,0.07880194334
3.05,0.9209968941,2.427131359e-05,0.07897883454
3.06,0.9208203491,2.424909751e-05,0.07915540175
3.07,0.9206441269,2.422694373e-05,0.07933164619
3.08,0.9204682261,2.420485196e-05,0.07950756905
3.09,0.9202926457,2.418282192e-05,0.07968317151
3.1,0.9201173844,2.416085334e-05,0.07985845478
3.11,0.919942441,2.413894594e-05,0.08003342002
3.12,0.9197678145,2.411709945e-05,0.08020806841
3.13,0.9195935036,2.409531358e-05,0.08038240111
3.14,0.9194195071,2.407358807e-05,0.08055641929
3.15,0.919245824,2.405192265e-05,0.08073012409
3.16,0.919072453,2.403031705e-05,0.08090351667
3.17,0.9188993931,2.400877101e-05,0.08107659817
3.18,0.918726643,2.398728425e-05,0.08124936971
3.19,0.9185542017,2.396585652e-05,0.08142183244
3.2,0.918382068,2.394448755e-05,0.08159398747
3.21,0.9182102409,2.392317708e-05,0.08176583591
3.22,0.9180387192,2.390192486e-05,0.08193737889
3.23,0.9178675018,2.388073062e-05,0.0821086175
3.24,0.9176965876,2.385959411e-05,0.08227955284
3.25,0.9175259755,2.383851508e-05,0.08245018601
3.26,0.9173556644,2.381749327e-05,0.08262051809
3.27,0.9171856533,2.379652843e-05,0.08279055017
3.28,0.9170159411,2.377562032e-05,0.08296028332
3.29,0.9168465266,2.375476868e-05,0.08312971861
3.3,0.9166774089,2.373397327e-05,0.08329885711
3.31,0.9165085869,2.371323384e-05,0.08346769987
3.32,0.9163400595,2.369255015e-05,0.08363624794
3.33,0.9161718257,2.367192196e-05,0.08380450238
3.34,0.9160038844,2.365134902e-05,0.08397246423
3.35,0.9158362346,2.36308311e-05,0.08414013453
3.36,0.9156688753,2.361036796e-05,0.08430751429
3.37,0.9155018055,2.358995936e-05,0.08447460456
3.38,0.915335024,2.356960506e-05,0.08464140635
3.39,0.91516853,2.354930484e-05,0.08480792068
3.4,0.9150023224,2.352905846e-05,0.08497414855
3.41,0.9148364002,2.350886569e-05,0.08514009098
3.42,0.9146707623,2.348872629e-05,0.08530574895
3.43,0.9145054079,2.346864005e-05,0.08547112347
3.44,0.9143403359,2.344860673e-05,0.08563621553
3.45,0.9141755453,2.342862611e-05,0.0858010261
3.46,0.9140110351,2.340869796e-05,0.08596555618
3.47,0.9138468045,2.338882206e-05,0.08612980672
3.48,0.9136828523,2.336899819e-05,0.0862937787
3.49,0.9135191777,2.334922613e-05,0.08645747309
3.5,0.9133557796,2.332950566e-05,0.08662089085
3.51,0.9131926572,2.330983656e-05,0.08678403292
3.52,0.9130298095,2.329021861e-05,0.08694690026
3.53,0.9128672355,2.32706516e-05,0.08710949381
3.54,0.9127049343,2.325113531e-05,0.08727181452
3.55,0.912542905,2.323166953e-05,0.08743386331
3.56,0.9123811466,2.321225405e-05,0.08759564111
3.57,0.9122196582,2.319288867e-05,0.08775714886
3.58,0.9120584389,2.317357315e-05,0.08791838748
3.59,0.9118974878,2.315430732e-05,0.08807935787
3.6,0.911736804,2.313509094e-05,0.08824006096
3.61,0.9115763864,2.311592382e-05,0.08840049764
3.62,0.9114162344,2.309680575e-05,0.08856066882
3.63,0.9112563469,2.307773654e-05,0.08872057541
3.64,0.911096723,2.305871597e-05,0.08888021828
3.65,0.9109373619,2.303974385e-05,0.08903959834
3.66,0.9107782627,2.302081997e-05,0.08919871646
3.67,0.9106194245,2.300194414e-05,0.08935757353
3.68,0.9104608465,2.298311616e-05,0.08951617042
3.69,0.9103025277,2.296433582e-05,0.089674508
3.7,0.9101444673,2.294560295e-05,0.08983258715
3.71,0.9099866644,2.292691734e-05,0.08999040871
3.72,0.9098291182,2.29082788e-05,0.09014797356
3.73,0.9096718278,2.288968713e-05,0.09030528255
3.74,0.9095147923,2.287114215e-05,0.09046233652
3.75,0.909358011,2.285264366e-05,0.09061913632
3.76,0.909201483,2.283419147e-05,0.0907756828
3.77,0.9090452074,2.281578541e-05,0.09093197678
3.78,0.9088891835,2.279742527e-05,0.09108801912
3.79,0.9087334103,2.277911088e-05,0.09124381063
3.8,0.908577887,2.276084205e-05,0.09139935213
3.81,0.9084226129,2.274261859e-05,0.09155464446
3.82,0.9082675871,2.272444032e-05,0.09170968843
3.83,0.9081128088,2.270630707e-05,0.09186448485
3.84,0.9079582772,2.268821864e-05,0.09201903453
3.85,0.9078039915,2.267017486e-05,0.09217333828
3.86,0.9076499509,2.265217555e-05,0.0923273969
3.87,0.9074961546,2.263422054e-05,0.09248121119
3.88,0.9073426018,2.261630964e-05,0.09263478194
3.89,0.9071892916,2.259844267e-05,0.09278810993
3.9,0.9070362234,2.258061948e-05,0.09294119597
3.91,0.9068833963,2.256283987e-05,0.09309404083
3.92,0.9067308096,2.254510367e-05,0.09324664528
3.93,0.9065784625,2.252741072e-05,0.09339901011
3.94,0.9064263542,2.250976085e-05,0.09355113608
3.95,0.9062744839,2.249215387e-05,0.09370302397
3.96,0.9061228509,2.247458963e-05,0.09385467453
3.97,0.9059714544,2.245706796e-05,0.09400608853
3.98,0.9058202937,2.243958868e-05,0.09415726673
3.99,0.905669368,2.242215163e-05,0.09430820987
4,0.9055186765,2.240475664e-05,0.09445891871
4.01,0.9053682186,2.238740355e-05,0.094609394
4.02,0.9052179934,2.23700922e-05,0.09475963647
4.03,0.9050680003,2.235282242e-05,0.09490964686
4.04,0.9049182385,2.233559404e-05,0.09505942592
4.05,0.9047687072,2.231840692e-05,0.09520897437
4.06,0.9046194058,2.230126088e-05,0.09535829294
4.07,0.9044703335,2.228415577e-05,0.09550738236
4.08,0.9043214896,2.226709143e-05,0.09565624334
4.09,0.9041728733,2.22500677e-05,0.09580487662
4.1,0.904024484,2.223308442e-05,0.09595328289
4.11,0.903876321,2.221614144e-05,0.09610146288
4.12,0.9037283835,2.21992386e-05,0.0962494173
4.13,0.9035806708,2.218237574e-05,0.09639714684
4.14,0.9034331822,2.216555272e-05,0.09654465221
4.15,0.9032859171,2.214876938e-05,0.09669193411
4.16,0.9031388747,2.213202556e-05,0.09683899324
4.17,0.9029920544,2.211532112e-05,0.09698583028
4.18,0.9028454554,2.20986559e-05,0.09713244593
4.19,0.9026990771,2.208202976e-05,0.09727884087
4.2,0.9025529188,2.206544255e-05,0.09742501578
4.21,0.9024069798,2.204889411e-05,0.09757097135
4.22,0.9022612594,2.20323843e-05,0.09771670825
4.23,0.9021157569,2.201591298e-05,0.09786222716
4.24,0.9019704718,2.199947999e-05,0.09800752873
4.25,0.9018254033,2.198308519e-05,0.09815261365
4.26,0.9016805507,2.196672844e-05,0.09829748258
4.27,0.9015359134,2.195040959e-05,0.09844213617
4.28,0.9013914908,2.19341285e-05,0.09858657509
4.29,0.9012472821,2.191788503e-05,0.09873079999
4.3,0.9011032868,2.190167903e-05,0.09887481152
4.31,0.9009595042,2.188551038e-05,0.09901861034
4.32,0.9008159335,2.186937891e-05,0.09916219708
4.33,0.9006725743,2.18532845e-05,0.0993055724
4.34,0.9005294258,2.183722701e-05,0.09944873692
4.35,0.9003864875,2.182120629e-05,0.0995916913
4.36,0.9002437586,2.180522222e-05,0.09973443617
4.37,0.9001012386,2.178927466e-05,0.09987697215
4.38,0.8999589268,2.177336346e-05,0.1000192999
4.39,0.8998168225,2.175748849e-05,0.10016142
4.4,0.8996749253,2.174164963e-05,0.1003033331
4.41,0.8995332344,2.172584673e-05,0.1004450398
4.42,0.8993917492,2.171007966e-05,0.1005865407
4.43,0.8992504691,2.169434829e-05,0.1007278365
4.44,0.8991093936,2.167865249e-05,0.1008689278
4.45,0.8989685219,2.166299213e-05,0.1010098151
4.46,0.8988278535,2.164736708e-05,0.1011504991
4.47,0.8986873878,2.16317772e-05,0.1012909804
4.48,0.8985471242,2.161622236e-05,0.1014312596
4.49,0.898407062,2.160070245e-05,0.1015713373
4.5,0.8982672008,2.158521733e-05,0.101711214
4.51,0.8981275398,2.156976687e-05,0.1018508904
4.52,0.8979880785,2.155435095e-05,0.1019903671
4.53,0.8978488164,2.153896944e-05,0.1021296447
4.54,0.8977097527,2.152362222e-05,0.1022687236
4.55,0.897570887,2.150830915e-05,0.1024076046
4.56,0.8974322187,2.149303013e-05,0.1025462883
4.57,0.8972937472,2.147778502e-05,0.102684775
4.58,0.8971554718,2.14625737e-05,0.1028230656
4.59,0.8970173921,2.144739604e-05,0.1029611605
4.6,0.8968795075,2.143225194e-05,0.1030990603
4.61,0.8967418173,2.141714126e-05,0.1032367655
4.62,0.8966043211,2.140206388e-05,0.1033742768
4.63,0.8964670183,2.13870197e-05,0.1035115947
4.64,0.8963299082,2.137200857e-05,0.1036487198
4.65,0.8961929904,2.13570304e-05,0.1037856526
4.66,0.8960562643,2.134208505e-05,0.1039223936
4.67,0.8959197293,2.132717242e-05,0.1040589435
4.68,0.8957833849,2.131229238e-05,0.1041953028
4.69,0.8956472306,2.129744482e-05,0.104331472
4.7,0.8955112657,2.128262963e-05,0.1044674517
4.71,0.8953754898,2.126784668e-05,0.1046032424
4.72,0.8952399023,2.125309586e-05,0.1047388446
4.73,0.8951045026,2.123837707e-05,0.104874259
4.74,0.8949692903,2.122369018e-05,0.105009486
4.75,0.8948342648,2.120903508e-05,0.1051445262
4.76,0.8946994255,2.119441166e-05,0.1052793801
4.77,0.894564772,2.117981981e-05,0.1054140482
4.78,0.8944303036,2.116525942e-05,0.1055485311
4.79,0.8942960199,2.115073037e-05,0.1056828293
4.8,0.8941619204,2.113623256e-05,0.1058169433
4.81,0.8940280045,2.112176588e-05,0.1059508737
4.82,0.8938942718,2.110733021e-05,0.1060846209
4.83,0.8937607216,2.109292545e-05,0.1062181855
4.84,0.8936273535,2.107855149e-05,0.106351568
4.85,0.8934941669,2.106420822e-05,0.1064847689
4.86,0.8933611614,2.104989553e-05,0.1066177887
4.87,0.8932283365,2.103561333e-05,0.1067506279
4.88,0.8930956916,2.10213615e-05,0.1068832871
4.89,0.8929632262,2.100713993e-05,0.1070157667
4.9,0.8928309399,2.099294853e-05,0.1071480672
4.91,0.892698832,2.097878718e-05,0.1072801892
4.92,0.8925669023,2.096465579e-05,0.1074121331
4.93,0.89243515,2.095055424e-05,0.1075438994
4.94,0.8923035748,2.093648244e-05,0.1076754887
4.95,0.8921721762,2.092244029e-05,0.1078069014
4.96,0.8920409536,2.090842767e-05,0.1079381379
4.97,0.8919099066,2.08944445e-05,0.1080691989
4.98,0.8917790347,2.088049066e-05,0.1082000848
4.99,0.8916483374,2.086656606e-05,0.108330796
5,0.8915178142,2.08526706e-05,0.1084613331
5.01,0.8913874647,2.083880418e-05,0.1085916965
5.02,0.8912572883,2.08249667e-05,0.1087218867
5.03,0.8911272846,2.081115805e-05,0.1088519042
5.04,0.8909974532,2.079737815e-05,0.1089817495
5.05,0.8908677934,2.078362689e-05,0.1091114229
5.06,0.890738305,2.076990417e-05,0.1092409251
5.07,0.8906089873,2.075620991e-05,0.1093702565
5.08,0.89047984,2.0742544e-05,0.1094994174
5.09,0.8903508626,2.072890634e-05,0.1096284085
5.1,0.8902220546,2.071529684e-05,0.1097572301
5.11,0.8900934155,2.070171541e-05,0.1098858828
5.12,0.889964945,2.068816196e-05,0.1100143669
5.13,0.8898366424,2.067463637e-05,0.1101426829
5.14,0.8897085075,2.066113857e-05,0.1102708314
5.15,0.8895805396,2.064766846e-05,0.1103988127
5.16,0.8894527385,2.063422595e-05,0.1105266273
5.17,0.8893251036,2.062081093e-05,0.1106542756
5.18,0.8891976344,2.060742333e-05,0.1107817581
5.19,0.8890703306,2.059406305e-05,0.1109090753
5.2,0.8889431917,2.058073e-05,0.1110362275
5.21,0.8888162173,2.056742409e-05,0.1111632153
5.22,0.8886894068,2.055414522e-05,0.1112900391
5.23,0.8885627599,2.054089331e-05,0.1114166992
5.24,0.8884362761,2.052766826e-05,0.1115431962
5.25,0.8883099551,2.051447e-05,0.1116695304
5.26,0.8881837963,2.050129842e-05,0.1117957024
5.27,0.8880577993,2.048815344e-05,0.1119217125
5.28,0.8879319637,2.047503498e-05,0.1120475612
5.29,0.8878062891,2.046194294e-05,0.1121732489
5.3,0.8876807751,2.044887724e-05,0.112298776
5.31,0.8875554212,2.043583779e-05,0.112424143
5.32,0.8874302269,2.04228245e-05,0.1125493503
5.33,0.887305192,2.040983729e-05,0.1126743982
5.34,0.8871803158,2.039687608e-05,0.1127992873
5.35,0.8870555982,2.038394077e-05,0.1129240179
5.36,0.8869310385,2.037103129e-05,0.1130485904
5.37,0.8868066365,2.035814754e-05,0.1131730054
5.38,0.8866823916,2.034528945e-05,0.1132972631
5.39,0.8865583035,2.033245693e-05,0.113421364
5.4,0.8864343718,2.031964989e-05,0.1135453085
5.41,0.8863105961,2.030686826e-05,0.113669097
5.42,0.8861869759,2.029411195e-05,0.11379273
5.43,0.8860635109,2.028138088e-05,0.1139162078
5.44,0.8859402005,2.026867496e-05,0.1140395308
5.45,0.8858170446,2.025599412e-05,0.1141626994
5.46,0.8856940426,2.024333828e-05,0.1142857141
5.47,0.8855711941,2.023070734e-05,0.1144085752
5.48,0.8854484988,2.021810125e-05,0.1145312831
5.49,0.8853259562,2.02055199e-05,0.1146538383
5.5,0.8852035659,2.019296323e-05,0.1147762411
5.51,0.8850813277,2.018043115e-05,0.1148984919
5.52,0.884959241,2.016792358e-05,0.1150205911
5.53,0.8848373054,2.015544046e-05,0.1151425391
5.54,0.8847155207,2.014298169e-05,0.1152643363
5.55,0.8845938864,2.01305472e-05,0.1153859831
5.56,0.8844724021,2.011813691e-05,0.1155074798
5.57,0.8843510674,2.010575074e-05,0.1156288269
5.58,0.884229882,2.009338863e-05,0.1157500247
5.59,0.8841088454,2.008105049e-05,0.1158710735
5.6,0.8839879573,2.006873624e-05,0.1159919739
5.61,0.8838672174,2.005644581e-05,0.1161127262
5.62,0.8837466252,2.004417912e-05,0.1162333307
5.63,0.8836261803,2.00319361e-05,0.1163537878
5.64,0.8835058824,2.001971667e-05,0.1164740979
5.65,0.8833857311,2.000752077e-05,0.1165942613
5.66,0.8832657261,1.99953483e-05,0.1167142785
5.67,0.883145867,1.998319921e-05,0.1168341498
5.68,0.8830261533,1.997107341e-05,0.1169538756
5.69,0.8829065848,1.995897084e-05,0.1170734562
5.7,0.8827871611,1.994689141e-05,0.117192892
5.71,0.8826678817,1.993483507e-05,0.1173121834
5.72,0.8825487464,1.992280172e-05,0.1174313308
5.73,0.8824297548,1.991079132e-05,0.1175503344
5.74,0.8823109066,1.989880377e-05,0.1176691946
5.75,0.8821922012,1.988683901e-05,0.1177879119
5.76,0.8820736385,1.987489697e-05,0.1179064866
5.77,0.8819552181,1.986297758e-05,0.118024919
5.78,0.8818369395,1.985108076e-05,0.1181432094
5.79,0.8817188025,1.983920645e-05,0.1182613583
5.8,0.8816008066,1.982735458e-05,0.118379366
5.81,0.8814829516,1.981552507e-05,0.1184972328
5.82,0.8813652371,1.980371787e-05,0.1186149591
5.83,0.8812476628,1.979193289e-05,0.1187325453
5.84,0.8811302282,1.978017007e-05,0.1188499916
5.85,0.8810129331,1.976842934e-05,0.1189672985
5.86,0.8808957771,1.975671063e-05,0.1190844662
5.87,0.8807787598,1.974501389e-05,0.1192014952
5.88,0.880661881,1.973333902e-05,0.1193183857
5.89,0.8805451402,1.972168598e-05,0.1194351381
5.9,0.8804285372,1.971005469e-05,0.1195517527
5.91,0.8803120716,1.969844509e-05,0.1196682299
5.92,0.8801957431,1.968685711e-05,0.1197845701
5.93,0.8800795512,1.967529068e-05,0.1199007735
5.94,0.8799634958,1.966374574e-05,0.1200168404
5.95,0.8798475765,1.965222223e-05,0.1201327713
5.96,0.8797317928,1.964072007e-05,0.1202485664
5.97,0.8796161446,1.96292392e-05,0.1203642262
5.98,0.8795006314,1.961777956e-05,0.1204797508
5.99,0.879385253,1.960634108e-05,0.1205951406
6,0.879270009,1.95949237e-05,0.120710396
6.01,0.8791548991,1.958352735e-05,0.1208255174
6.02,0.879039923,1.957215198e-05,0.1209405049
6.03,0.8789250803,1.956079751e-05,0.1210553589
6.04,0.8788103707,1.954946389e-05,0.1211700799
6.05,0.8786957939,1.953815104e-05,0.121284668
6.06,0.8785813496,1.952685892e-05,0.1213991236
6.07,0.8784670374,1.951558745e-05,0.121513447
6.08,0.8783528571,1.950433657e-05,0.1216276386
6.09,0.8782388083,1.949310623e-05,0.1217416986
6.1,0.8781248907,1.948189635e-05,0.1218556274
6.11,0.878011104,1.947070689e-05,0.1219694253
6.12,0.8778974479,1.945953777e-05,0.1220830926
6.13,0.8777839221,1.944838894e-05,0.1221966295
6.14,0.8776705262,1.943726033e-05,0.1223100366
6.15,0.8775572599,1.942615189e-05,0.1224233139
6.16,0.8774441231,1.941506356e-05,0.1225364619
6.17,0.8773311152,1.940399527e-05,0.1226494808
6.18,0.877218236,1.939294697e-05,0.122762371
6.19,0.8771054853,1.938191859e-05,0.1228751328
6.2,0.8769928627,1.937091009e-05,0.1229877664
6.21,0.8768803679,1.935992139e-05,0.1231002721
6.22,0.8767680006,1.934895244e-05,0.1232126504
6.23,0.8766557606,1.933800318e-05,0.1233249014
6.24,0.8765436474,1.932707355e-05,0.1234370255
6.25,0.8764316609,1.93161635e-05,0.123549023
6.26,0.8763198006,1.930527297e-05,0.1236608941
6.27,0.8762080664,1.92944019e-05,0.1237726392
6.28,0.8760964579,1.928355023e-05,0.1238842586
6.29,0.8759849748,1.927271791e-05,0.1239957525
6.3,0.8758736168,1.926190487e-05,0.1241071213
6.31,0.8757623837,1.925111107e-05,0.1242183652
6.32,0.8756512751,1.924033644e-05,0.1243294845
6.33,0.8755402908,1.922958093e-05,0.1244404796
6.34,0.8754294305,1.921884449e-05,0.1245513507
6.35,0.8753186938,1.920812706e-05,0.1246620981
6.36,0.8752080805,1.919742858e-05,0.1247727221
6.37,0.8750975903,1.918674899e-05,0.1248832229
6.38,0.8749872229,1.917608825e-05,0.124993601
6.39,0.8748769781,1.91654463e-05,0.1251038565
6.4,0.8747668555,1.915482308e-05,0.1252139897
6.41,0.8746568549,1.914421854e-05,0.1253240009
6.42,0.874546976,1.913363262e-05,0.1254338904
6.43,0.8744372184,1.912306528e-05,0.1255436585
6.44,0.874327582,1.911251645e-05,0.1256533055
6.45,0.8742180664,1.910198609e-05,0.1257628316
6.46,0.8741086714,1.909147414e-05,0.1258722371
6.47,0.8739993967,1.908098054e-05,0.1259815223
6.48,0.873890242,1.907050525e-05,0.1260906875
6.49,0.8737812071,1.906004821e-05,0.1261997329
6.5,0.8736722916,1.904960938e-05,0.1263086588
6.51,0.8735634953,1.903918869e-05,0.1264174656
6.52,0.8734548179,1.902878609e-05,0.1265261533
6.53,0.8733462591,1.901840154e-05,0.1266347225
6.54,0.8732378188,1.900803498e-05,0.1267431732
6.55,0.8731294965,1.899768636e-05,0.1268515058
6.56,0.8730212921,1.898735563e-05,0.1269597205
6.57,0.8729132053,1.897704274e-05,0.1270678177
6.58,0.8728052358,1.896674764e-05,0.1271757975
6.59,0.8726973833,1.895647027e-05,0.1272836603
6.6,0.8725896475,1.89462106e-05,0.1273914062
6.61,0.8724820283,1.893596855e-05,0.1274990357
6.62,0.8723745254,1.89257441e-05,0.1276065489
6.63,0.8722671384,1.891553718e-05,0.127713946
6.64,0.8721598672,1.890534775e-05,0.1278212275
6.65,0.8720527114,1.889517575e-05,0.1279283934
6.66,0.8719456708,1.888502115e-05,0.1280354442
6.67,0.8718387452,1.887488388e-05,0.1281423799
6.68,0.8717319342,1.886476391e-05,0.128249201
6.69,0.8716252377,1.885466118e-05,0.1283559076
6.7,0.8715186554,1.884457564e-05,0.1284625
6.71,0.871412187,1.883450724e-05,0.1285689785
6.72,0.8713058322,1.882445595e-05,0.1286753433
6.73,0.8711995909,1.88144217e-05,0.1287815947
6.74,0.8710934627,1.880440445e-05,0.1288877329
6.75,0.8709874475,1.879440416e-05,0.1289937581
6.76,0.8708815449,1.878442078e-05,0.1290996707
6.77,0.8707757547,1.877445425e-05,0.1292054709
6.78,0.8706700766,1.876450454e-05,0.1293111589
6.79,0.8705645105,1.875457159e-05,0.1294167349
6.8,0.870459056,1.874465537e-05,0.1295221993
6.81,0.870353713,1.873475581e-05,0.1296275523
6.82,0.8702484811,1.872487288e-05,0.1297327941
6.83,0.8701433601,1.871500653e-05,0.1298379249
6.84,0.8700383498,1.870515672e-05,0.129942945
6.85,0.86993345,1.86953234e-05,0.1300478547
6.86,0.8698286603,1.868550651e-05,0.1301526542
6.87,0.8697239806,1.867570603e-05,0.1302573437
6.88,0.8696194106,1.86659219e-05,0.1303619234
6.89,0.8695149501,1.865615407e-05,0.1304663937
6.9,0.8694105988,1.864640251e-05,0.1305707548
6.91,0.8693063565,1.863666717e-05,0.1306750068
6.92,0.869202223,1.8626948e-05,0.1307791501
6.93,0.869098198,1.861724496e-05,0.1308831848
6.94,0.8689942812,1.8607558e-05,0.1309871112
6.95,0.8688904725,1.859788709e-05,0.1310909296
6.96,0.8687867716,1.858823217e-05,0.1311946401
6.97,0.8686831783,1.857859321e-05,0.1312982431
6.98,0.8685796923,1.856897015e-05,0.1314017387
6.99,0.8684763135,1.855936296e-05,0.1315051272
7,0.8683730415,1.85497716e-05,0.1316084087
7.01,0.8682698762,1.854019601e-05,0.1317115836
7.02,0.8681668172,1.853063616e-05,0.1318146521
7.03,0.8680638645,1.852109201e-05,0.1319176144
7.04,0.8679610177,1.851156351e-05,0.1320204707
7.05,0.8678582767,1.850205061e-05,0.1321232213
7.06,0.8677556411,1.849255329e-05,0.1322258663
7.07,0.8676531109,1.848307149e-05,0.132328406
7.08,0.8675506857,1.847360517e-05,0.1324308407
7.09,0.8674483653,1.84641543e-05,0.1325331706
7.1,0.8673461495,1.845471882e-05,0.1326353958
7.11,0.8672440381,1.844529871e-05,0.1327375166
7.12,0.8671420308,1.843589391e-05,0.1328395333
7.13,0.8670401275,1.842650438e-05,0.132941446
7.14,0.8669383279,1.841713009e-05,0.133043255
7.15,0.8668366317,1.8407771e-05,0.1331449605
7.16,0.8667350389,1.839842706e-05,0.1332465627
7.17,0.8666335491,1.838909823e-05,0.1333480618
7.18,0.8665321621,1.837978448e-05,0.1334494581
7.19,0.8664308777,1.837048575e-05,0.1335507518
7.2,0.8663296958,1.836120202e-05,0.133651943
7.21,0.866228616,1.835193324e-05,0.1337530321
7.22,0.8661276381,1.834267938e-05,0.1338540192
7.23,0.8660267621,1.833344038e-05,0.1339549045
7.24,0.8659259875,1.832421622e-05,0.1340556883
7.25,0.8658253143,1.831500685e-05,0.1341563707
7.26,0.8657247422,1.830581224e-05,0.134256952
7.27,0.8656242709,1.829663234e-05,0.1343574324
7.28,0.8655239004,1.828746712e-05,0.1344578121
7.29,0.8654236303,1.827831654e-05,0.1345580914
7.3,0.8653234605,1.826918056e-05,0.1346582703
7.31,0.8652233907,1.826005914e-05,0.1347583492
7.32,0.8651234208,1.825095224e-05,0.1348583282
7.33,0.8650235505,1.824185982e-05,0.1349582076
7.34,0.8649237797,1.823278185e-05,0.1350579876
7.35,0.864824108,1.822371829e-05,0.1351576683
7.36,0.8647245354,1.821466909e-05,0.13525725
7.37,0.8646250615,1.820563423e-05,0.1353567328
7.38,0.8645256863,1.819661367e-05,0.1354561171
7.39,0.8644264094,1.818760736e-05,0.135555403
7.4,0.8643272308,1.817861528e-05,0.1356545906
7.41,0.8642281501,1.816963737e-05,0.1357536803
7.42,0.8641291672,1.816067361e-05,0.1358526721
7.43,0.8640302819,1.815172396e-05,0.1359515664
7.44,0.863931494,1.814278839e-05,0.1360503632
7.45,0.8638328032,1.813386685e-05,0.1361490629
7.46,0.8637342095,1.812495931e-05,0.1362476656
7.47,0.8636357125,1.811606573e-05,0.1363461714
7.48,0.8635373121,1.810718608e-05,0.1364445807
7.49,0.8634390081,1.809832032e-05,0.1365428936
7.5,0.8633408002,1.808946841e-05,0.1366411103
7.51,0.8632426884,1.808063033e-05,0.136739231
7.52,0.8631446723,1.807180602e-05,0.1368372559
7.53,0.8630467519,1.806299547e-05,0.1369351852
7.54,0.8629489268,1.805419862e-05,0.137033019
7.55,0.8628511969,1.804541546e-05,0.1371307577
7.56,0.8627535621,1.803664593e-05,0.1372284013
7.57,0.862656022,1.802789001e-05,0.1373259501
7.58,0.8625585766,1.801914767e-05,0.1374234042
7.59,0.8624612256,1.801041886e-05,0.137520764
7.6,0.8623639689,1.800170355e-05,0.1376180294
7.61,0.8622668062,1.799300171e-05,0.1377152008
7.62,0.8621697374,1.798431331e-05,0.1378122783
7.63,0.8620727622,1.79756383e-05,0.1379092622
7.64,0.8619758805,1.796697666e-05,0.1380061525
7.65,0.8618790921,1.795832834e-05,0.1381029496
7.66,0.8617823968,1.794969333e-05,0.1381996535
7.67,0.8616857944,1.794107158e-05,0.1382962645
7.68,0.8615892847,1.793246305e-05,0.1383927828
7.69,0.8614928676,1.792386772e-05,0.1384892085
7.7,0.8613965428,1.791528556e-05,0.1385855419
7.71,0.8613003102,1.790671652e-05,0.1386817831
7.72,0.8612041696,1.789816058e-05,0.1387779322
7.73,0.8611081208,1.78896177e-05,0.1388739896
7.74,0.8610121636,1.788108785e-05,0.1389699554
7.75,0.8609162978,1.787257099e-05,0.1390658297
7.76,0.8608205232,1.78640671e-05,0.1391616127
7.77,0.8607248398,1.785557614e-05,0.1392573046
7.78,0.8606292472,1.784709808e-05,0.1393529057
7.79,0.8605337453,1.783863288e-05,0.139448416
7.8,0.860438334,1.783018052e-05,0.1395438359
7.81,0.860343013,1.782174096e-05,0.1396391653
7.82,0.8602477821,1.781331416e-05,0.1397344046
7.83,0.8601526412,1.780490011e-05,0.1398295539
7.84,0.8600575902,1.779649876e-05,0.1399246133
7.85,0.8599626288,1.778811008e-05,0.1400195831
7.86,0.8598677568,1.777973404e-05,0.1401144635
7.87,0.8597729741,1.777137062e-05,0.1402092545
7.88,0.8596782805,1.776301977e-05,0.1403039565
7.89,0.8595836758,1.775468147e-05,0.1403985695
7.9,0.8594891599,1.774635569e-05,0.1404930938
7.91,0.8593947325,1.773804239e-05,0.1405875295
7.92,0.8593003935,1.772974155e-05,0.1406818767
7.93,0.8592061428,1.772145312e-05,0.1407761358
7.94,0.8591119801,1.77131771e-05,0.1408703067
7.95,0.8590179053,1.770491343e-05,0.1409643898
7.96,0.8589239182,1.769666209e-05,0.1410583851
7.97,0.8588300186,1.768842306e-05,0.141152293
7.98,0.8587362064,1.768019629e-05,0.1412461134
7.99,0.8586424814,1.767198176e-05,0.1413398466
8,0.8585488434,1.766377945e-05,0.1414334928
8.01,0.8584552923,1.765558931e-05,0.1415270521
8.02,0.8583618278,1.764741132e-05,0.1416205247
8.03,0.8582684499,1.763924545e-05,0.1417139108
8.04,0.8581751583,1.763109167e-05,0.1418072106
8.05,0.8580819529,1.762294996e-05,0.1419004241
8.06,0.8579888335,1.761482027e-05,0.1419935517
8.07,0.8578958,1.760670258e-05,0.1420865933
8.08,0.8578028521,1.759859687e-05,0.1421795493
8.09,0.8577099898,1.75905031e-05,0.1422724197
8.1,0.8576172128,1.758242124e-05,0.1423652048
8.11,0.8575245209,1.757435126e-05,0.1424579047
8.12,0.8574319141,1.756629314e-05,0.1425505196
8.13,0.8573393922,1.755824685e-05,0.1426430495
8.14,0.857246955,1.755021235e-05,0.1427354948
8.15,0.8571546022,1.754218963e-05,0.1428278556
8.16,0.8570623339,1.753417864e-05,0.1429201319
8.17,0.8569701498,1.752617937e-05,0.1430123241
8.18,0.8568780497,1.751819178e-05,0.1431044322
8.19,0.8567860334,1.751021584e-05,0.1431964563
8.2,0.856694101,1.750225153e-05,0.1432883968
8.21,0.856602252,1.749429882e-05,0.1433802537
8.22,0.8565104865,1.748635769e-05,0.1434720271
8.23,0.8564188042,1.747842809e-05,0.1435637173
8.24,0.856327205,1.747051001e-05,0.1436553245
8.25,0.8562356888,1.746260341e-05,0.1437468486
8.26,0.8561442553,1.745470828e-05,0.14383829
8.27,0.8560529044,1.744682458e-05,0.1439296488
8.28,0.855961636,1.743895228e-05,0.1440209251
8.29,0.8558704499,1.743109136e-05,0.1441121191
8.3,0.8557793459,1.742324179e-05,0.1442032309
8.31,0.8556883239,1.741540354e-05,0.1442942607
8.32,0.8555973837,1.740757659e-05,0.1443852087
8.33,0.8555065252,1.739976091e-05,0.144476075
8.34,0.8554157483,1.739195647e-05,0.1445668598
8.35,0.8553250527,1.738416324e-05,0.1446575631
8.36,0.8552344383,1.737638121e-05,0.1447481853
8.37,0.855143905,1.736861033e-05,0.1448387263
8.38,0.8550534527,1.736085059e-05,0.1449291865
8.39,0.854963081,1.735310196e-05,0.1450195659
8.4,0.85487279,1.734536441e-05,0.1451098646
8.41,0.8547825794,1.733763791e-05,0.1452000829
8.42,0.8546924492,1.732992245e-05,0.1452902209
8.43,0.8546023991,1.732221799e-05,0.1453802787
8.44,0.854512429,1.73145245e-05,0.1454702565
8.45,0.8544225388,1.730684197e-05,0.1455601544
8.46,0.8543327282,1.729917036e-05,0.1456499726
8.47,0.8542429973,1.729150965e-05,0.1457397112
8.48,0.8541533457,1.728385982e-05,0.1458293704
8.49,0.8540637734,1.727622084e-05,0.1459189503
8.5,0.8539742803,1.726859267e-05,0.1460084511
8.51,0.8538848661,1.726097531e-05,0.146097873
8.52,0.8537955307,1.725336872e-05,0.1461872159
8.53,0.853706274,1.724577287e-05,0.1462764802
8.54,0.8536170958,1.723818775e-05,0.146365666
8.55,0.853527996,1.723061332e-05,0.1464547734
8.56,0.8534389745,1.722304957e-05,0.1465438025
8.57,0.853350031,1.721549646e-05,0.1466327535
8.58,0.8532611656,1.720795397e-05,0.1467216265
8.59,0.8531723779,1.720042208e-05,0.1468104217
8.6,0.8530836679,1.719290076e-05,0.1468991392
8.61,0.8529950354,1.718538999e-05,0.1469877792
8.62,0.8529064802,1.717788974e-05,0.1470763419
8.63,0.8528180024,1.717039999e-05,0.1471648272
8.64,0.8527296016,1.716292071e-05,0.1472532355
8.65,0.8526412778,1.715545188e-05,0.1473415668
8.66,0.8525530308,1.714799348e-05,0.1474298212
8.67,0.8524648604,1.714054548e-05,0.147517999
8.68,0.8523767666,1.713310786e-05,0.1476061003
8.69,0.8522887492,1.712568059e-05,0.1476941251
8.7,0.8522008081,1.711826365e-05,0.1477820737
8.71,0.852112943,1.711085701e-05,0.1478699461
8.72,0.852025154,1.710346066e-05,0.1479577426
8.73,0.8519374408,1.709607456e-05,0.1480454632
8.74,0.8518498032,1.70886987e-05,0.1481331081
8.75,0.8517622413,1.708133305e-05,0.1482206774
8.76,0.8516747548,1.707397758e-05,0.1483081713
8.77,0.8515873435,1.706663228e-05,0.1483955898
8.78,0.8515000074,1.705929712e-05,0.1484829333
8.79,0.8514127464,1.705197208e-05,0.1485702017
8.8,0.8513255602,1.704465713e-05,0.1486573952
8.81,0.8512384487,1.703735225e-05,0.1487445139
8.82,0.8511514119,1.703005742e-05,0.148831558
8.83,0.8510644496,1.702277261e-05,0.1489185277
8.84,0.8509775616,1.701549781e-05,0.1490054229
8.85,0.8508907478,1.700823298e-05,0.149092244
8.86,0.8508040081,1.700097812e-05,0.149178991
8.87,0.8507173423,1.699373318e-05,0.149265664
8.88,0.8506307503,1.698649816e-05,0.1493522632
8.89,0.850544232,1.697927302e-05,0.1494387887
8.9,0.8504577873,1.697205775e-05,0.1495252406
8.91,0.850371416,1.696485233e-05,0.1496116192
8.92,0.8502851179,1.695765672e-05,0.1496979244
8.93,0.850198893,1.695047092e-05,0.1497841565
8.94,0.8501127412,1.694329489e-05,0.1498703155
8.95,0.8500266622,1.693612862e-05,0.1499564017
8.96,0.849940656,1.692897208e-05,0.150042415
8.97,0.8498547224,1.692182525e-05,0.1501283558
8.98,0.8497688613,1.69146881e-05,0.150214224
8.99,0.8496830726,1.690756063e-05,0.1503000198
9,0.8495973562,1.69004428e-05,0.1503857434
9.01,0.8495117118,1.68933346e-05,0.1504713948
9.02,0.8494261395,1.688623599e-05,0.1505569743
9.03,0.849340639,1.687914697e-05,0.1506424818
9.04,0.8492552103,1.687206751e-05,0.1507279177
9.05,0.8491698531,1.686499758e-05,0.1508132819
9.06,0.8490845675,1.685793717e-05,0.1508985746
9.07,0.8489993532,1.685088626e-05,0.1509837959
9.08,0.8489142101,1.684384481e-05,0.151068946
9.09,0.8488291382,1.683681282e-05,0.151154025
9.1,0.8487441372,1.682979027e-05,0.151239033
9.11,0.8486592071,1.682277712e-05,0.1513239702
9.12,0.8485743477,1.681577336e-05,0.1514088366
9.13,0.8484895589,1.680877897e-05,0.1514936323
9.14,0.8484048406,1.680179393e-05,0.1515783576
9.15,0.8483201926,1.679481821e-05,0.1516630125
9.16,0.8482356149,1.67878518e-05,0.1517475972
9.17,0.8481511073,1.678089468e-05,0.1518321118
9.18,0.8480666697,1.677394682e-05,0.1519165563
9.19,0.847982302,1.67670082e-05,0.152000931
9.2,0.847898004,1.676007881e-05,0.1520852359
9.21,0.8478137757,1.675315862e-05,0.1521694712
9.22,0.8477296168,1.674624762e-05,0.1522536369
9.23,0.8476455274,1.673934577e-05,0.1523377333
9.24,0.8475615072,1.673245307e-05,0.1524217604
9.25,0.8474775561,1.67255695e-05,0.1525057183
9.26,0.8473936741,1.671869502e-05,0.1525896072
9.27,0.847309861,1.671182963e-05,0.1526734272
9.28,0.8472261166,1.67049733e-05,0.1527571784
9.29,0.847142441,1.669812601e-05,0.1528408609
9.3,0.8470588338,1.669128775e-05,0.1529244749
9.31,0.8469752952,1.668445848e-05,0.1530080204
9.32,0.8468918248,1.66776382e-05,0.1530914976
9.33,0.8468084226,1.667082689e-05,0.1531749066
9.34,0.8467250885,1.666402452e-05,0.1532582475
9.35,0.8466418223,1.665723107e-05,0.1533415204
9.36,0.846558624,1.665044653e-05,0.1534247255
9.37,0.8464754934,1.664367087e-05,0.1535078629
9.38,0.8463924305,1.663690408e-05,0.1535909326
9.39,0.846309435,1.663014613e-05,0.1536739349
9.4,0.8462265069,1.662339702e-05,0.1537568697
9.41,0.846143646,1.661665671e-05,0.1538397373
9.42,0.8460608523,1.660992519e-05,0.1539225377
9.43,0.8459781257,1.660320244e-05,0.1540052711
9.44,0.8458954659,1.659648844e-05,0.1540879376
9.45,0.845812873,1.658978317e-05,0.1541705372
9.46,0.8457303468,1.658308662e-05,0.1542530701
9.47,0.8456478871,1.657639876e-05,0.1543355365
9.48,0.8455654939,1.656971958e-05,0.1544179364
9.49,0.8454831671,1.656304905e-05,0.1545002699
9.5,0.8454009065,1.655638716e-05,0.1545825372
9.51,0.845318712,1.654973389e-05,0.1546647383
9.52,0.8452365835,1.654308923e-05,0.1547468734
9.53,0.8451545209,1.653645314e-05,0.1548289426
9.54,0.8450725242,1.652982562e-05,0.154910946
9.55,0.8449905931,1.652320664e-05,0.1549928837
9.56,0.8449087276,1.65165962e-05,0.1550747558
9.57,0.8448269275,1.650999426e-05,0.1551565625
9.58,0.8447451928,1.650340081e-05,0.1552383038
9.59,0.8446635233,1.649681583e-05,0.1553199799
9.6,0.8445819189,1.649023931e-05,0.1554015908
9.61,0.8445003796,1.648367122e-05,0.1554831367
9.62,0.8444189052,1.647711156e-05,0.1555646177
9.63,0.8443374956,1.647056029e-05,0.1556460339
9.64,0.8442561506,1.64640174e-05,0.1557273853
9.65,0.8441748703,1.645748288e-05,0.1558086722
9.66,0.8440936544,1.645095671e-05,0.1558898946
9.67,0.8440125029,1.644443887e-05,0.1559710526
9.68,0.8439314157,1.643792933e-05,0.1560521464
9.69,0.8438503926,1.643142809e-05,0.156133176
9.7,0.8437694336,1.642493513e-05,0.1562141415
9.71,0.8436885384,1.641845042e-05,0.1562950431
9.72,0.8436077072,1.641197396e-05,0.1563758808
9.73,0.8435269396,1.640550572e-05,0.1564566549
9.74,0.8434462357,1.639904568e-05,0.1565373652
9.75,0.8433655953,1.639259384e-05,0.1566180121
9.76,0.8432850183,1.638615017e-05,0.1566985956
9.77,0.8432045046,1.637971465e-05,0.1567791157
9.78,0.8431240541,1.637328726e-05,0.1568595726
9.79,0.8430436667,1.6366868e-05,0.1569399664
9.8,0.8429633423,1.636045684e-05,0.1570202973
9.81,0.8428830807,1.635405376e-05,0.1571005652
9.82,0.842802882,1.634765876e-05,0.1571807703
9.83,0.8427227459,1.634127181e-05,0.1572609128
9.84,0.8426426724,1.633489289e-05,0.1573409927
9.85,0.8425626614,1.632852199e-05,0.1574210101
9.86,0.8424827128,1.632215909e-05,0.1575009651
9.87,0.8424028264,1.631580417e-05,0.1575808578
9.88,0.8423230022,1.630945723e-05,0.1576606884
9.89,0.84224324,1.630311823e-05,0.1577404569
9.9,0.8421635398,1.629678717e-05,0.1578201634
9.91,0.8420839015,1.629046403e-05,0.1578998081
9.92,0.8420043249,1.628414879e-05,0.157979391
9.93,0.84192481,1.627784143e-05,0.1580589122
9.94,0.8418453566,1.627154194e-05,0.1581383719
9.95,0.8417659647,1.626525031e-05,0.1582177701
9.96,0.8416866341,1.625896651e-05,0.1582971069
9.97,0.8416073648,1.625269053e-05,0.1583763825
9.98,0.8415281567,1.624642235e-05,0.1584555969
9.99,0.8414490096,1.624016197e-05,0.1585347503
10,0.8413699234,1.623390935e-05,0.1586138426
