time,level
0,0
0.01,0.002498438151
0.02,0.004993755205
0.03,0.007485955062
0.04,0.009975041615
0.05,0.01246101875
0.06,0.01494389036
0.07,0.01742366032
0.08,0.0199003325
0.09,0.02237391078
0.1,0.02484439901
0.11,0.02731180107
0.12,0.02977612079
0.13,0.03223736205
0.14,0.03469552867
0.15,0.0371506245
0.16,0.03960265339
0.17,0.04205161915
0.18,0.04449752561
0.19,0.04694037661
0.2,0.04938017594
0.21,0.05181692744
0.22,0.05425063489
0.23,0.05668130212
0.24,0.0591089329
0.25,0.06153353105
0.26,0.06395510034
0.27,0.06637364456
0.28,0.06878916748
0.29,0.0712016729
0.3,0.07361116456
0.31,0.07601764624
0.32,0.0784211217
0.33,0.08082159469
0.34,0.08321906896
0.35,0.08561354826
0.36,0.08800503633
0.37,0.09039353691
0.38,0.09277905373
0.39,0.09516159052
0.4,0.097541151
0.41,0.09991773888
0.42,0.1022913579
0.43,0.1046620117
0.44,0.1070297041
0.45,0.1093944387
0.46,0.1117562192
0.47,0.1141150494
0.48,0.1164709328
0.49,0.1188238733
0.5,0.1211738744
0.51,0.1235209398
0.52,0.1258650732
0.53,0.1282062783
0.54,0.1305445588
0.55,0.1328799182
0.56,0.1352123602
0.57,0.1375418885
0.58,0.1398685067
0.59,0.1421922184
0.6,0.1445130273
0.61,0.1468309371
0.62,0.1491459512
0.63,0.1514580734
0.64,0.1537673072
0.65,0.1560736563
0.66,0.1583771243
0.67,0.1606777147
0.68,0.1629754312
0.69,0.1652702773
0.7,0.1675622567
0.71,0.1698513729
0.72,0.1721376295
0.73,0.17442103
0.74,0.1767015781
0.75,0.1789792772
0.76,0.1812541311
0.77,0.1835261431
0.78,0.1857953169
0.79,0.188061656
0.8,0.1903251639
0.81,0.1925858443
0.82,0.1948437005
0.83,0.1970987362
0.84,0.1993509548
0.85,0.20160036
0.86,0.2038469551
0.87,0.2060907437
0.88,0.2083317294
0.89,0.2105699156
0.9,0.2128053058
0.91,0.2150379035
0.92,0.2172677122
0.93,0.2194947354
0.94,0.2217189765
0.95,0.2239404391
0.96,0.2261591266
0.97,0.2283750424
0.98,0.2305881901
0.99,0.2327985731
1,0.2350061948
1.01,0.2372110588
1.02,0.2394131683
1.03,0.241612527
1.04,0.2438091382
1.05,0.2460030053
1.06,0.2481941318
1.07,0.2503825211
1.08,0.2525681766
1.09,0.2547511018
1.1,0.2569313
1.11,0.2591087747
1.12,0.2612835292
1.13,0.263455567
1.14,0.2656248914
1.15,0.2677915059
1.16,0.2699554138
1.17,0.2721166185
1.18,0.2742751234
1.19,0.2764309318
1.2,0.2785840471
1.21,0.2807344728
1.22,0.2828822121
1.23,0.2850272684
1.24,0.287169645
1.25,0.2893093454
1.26,0.2914463728
1.27,0.2935807306
1.28,0.2957124221
1.29,0.2978414506
1.3,0.2999678195
1.31,0.3020915322
1.32,0.3042125918
1.33,0.3063310018
1.34,0.3084467654
1.35,0.310559886
1.36,0.3126703668
1.37,0.3147782112
1.38,0.3168834224
1.39,0.3189860037
1.4,0.3210859585
1.41,0.3231832899
1.42,0.3252780013
1.43,0.327370096
1.44,0.3294595772
1.45,0.3315464481
1.46,0.3336307121
1.47,0.3357123724
1.48,0.3377914323
1.49,0.3398678949
1.5,0.3419417636
1.51,0.3440130416
1.52,0.3460817321
1.53,0.3481478384
1.54,0.3502113636
1.55,0.352272311
1.56,0.3543306839
1.57,0.3563864854
1.58,0.3584397187
1.59,0.3604903872
1.6,0.3625384938
1.61,0.364584042
1.62,0.3666270348
1.63,0.3686674755
1.64,0.3707053672
1.65,0.3727407131
1.66,0.3747735165
1.67,0.3768037804
1.68,0.3788315081
1.69,0.3808567027
1.7,0.3828793674
1.71,0.3848995053
1.72,0.3869171196
1.73,0.3889322135
1.74,0.3909447902
1.75,0.3929548526
1.76,0.3949624041
1.77,0.3969674477
1.78,0.3989699865
1.79,0.4009700237
1.8,0.4029675625
1.81,0.4049626059
1.82,0.406955157
1.83,0.408945219
1.84,0.410932795
1.85,0.4129178881
1.86,0.4149005013
1.87,0.4168806378
1.88,0.4188583007
1.89,0.4208334931
1.9,0.422806218
1.91,0.4247764786
1.92,0.4267442779
1.93,0.4287096189
1.94,0.4306725048
1.95,0.4326329387
1.96,0.4345909235
1.97,0.4365464624
1.98,0.4384995584
1.99,0.4404502145
2,0.4423984339
2.01,0.4443442194
2.02,0.4462875743
2.03,0.4482285015
2.04,0.4501670041
2.05,0.452103085
2.06,0.4540367474
2.07,0.4559679942
2.08,0.4578968284
2.09,0.4598232531
2.1,0.4617472713
2.11,0.4636688859
2.12,0.4655881
2.13,0.4675049167
2.14,0.4694193388
2.15,0.4713313693
2.16,0.4732410113
2.17,0.4751482678
2.18,0.4770531416
2.19,0.4789556359
2.2,0.4808557535
2.21,0.4827534975
2.22,0.4846488708
2.23,0.4865418763
2.24,0.4884325171
2.25,0.490320796
2.26,0.4922067161
2.27,0.4940902802
2.28,0.4959714914
2.29,0.4978503525
2.3,0.4997268665
2.31,0.5016010363
2.32,0.5034728648
2.33,0.5053423551
2.34,0.5072095099
2.35,0.5090743323
2.36,0.5109368251
2.37,0.5127969912
2.38,0.5146548336
2.39,0.5165103551
2.4,0.5183635586
2.41,0.5202144471
2.42,0.5220630235
2.43,0.5239092905
2.44,0.5257532512
2.45,0.5275949084
2.46,0.5294342649
2.47,0.5312713237
2.48,0.5331060876
2.49,0.5349385594
2.5,0.5367687421
2.51,0.5385966385
2.52,0.5404222515
2.53,0.5422455838
2.54,0.5440666385
2.55,0.5458854182
2.56,0.5477019259
2.57,0.5495161643
2.58,0.5513281364
2.59,0.5531378449
2.6,0.5549452927
2.61,0.5567504826
2.62,0.5585534174
2.63,0.5603541
2.64,0.5621525331
2.65,0.5639487196
2.66,0.5657426623
2.67,0.5675343639
2.68,0.5693238273
2.69,0.5711110553
2.7,0.5728960506
2.71,0.5746788161
2.72,0.5764593545
2.73,0.5782376686
2.74,0.5800137612
2.75,0.5817876351
2.76,0.5835592931
2.77,0.5853287378
2.78,0.5870959721
2.79,0.5888609988
2.8,0.5906238206
2.81,0.5923844402
2.82,0.5941428604
2.83,0.5958990839
2.84,0.5976531136
2.85,0.5994049521
2.86,0.6011546021
2.87,0.6029020665
2.88,0.6046473479
2.89,0.606390449
2.9,0.6081313726
2.91,0.6098701215
2.92,0.6116066982
2.93,0.6133411056
2.94,0.6150733464
2.95,0.6168034232
2.96,0.6185313387
2.97,0.6202570957
2.98,0.6219806969
2.99,0.6237021449
3,0.6254214424
3.01,0.6271385922
3.02,0.6288535968
3.03,0.6305664591
3.04,0.6322771816
3.05,0.633985767
3.06,0.635692218
3.07,0.6373965374
3.08,0.6390987276
3.09,0.6407987914
3.1,0.6424967315
3.11,0.6441925505
3.12,0.645886251
3.13,0.6475778357
3.14,0.6492673073
3.15,0.6509546683
3.16,0.6526399215
3.17,0.6543230694
3.18,0.6560041147
3.19,0.65768306
3.2,0.6593599079
3.21,0.6610346611
3.22,0.6627073221
3.23,0.6643778937
3.24,0.6660463783
3.25,0.6677127786
3.26,0.6693770972
3.27,0.6710393367
3.28,0.6726994997
3.29,0.6743575888
3.3,0.6760136066
3.31,0.6776675557
3.32,0.6793194386
3.33,0.6809692579
3.34,0.6826170163
3.35,0.6842627163
3.36,0.6859063604
3.37,0.6875479512
3.38,0.6891874913
3.39,0.6908249833
3.4,0.6924604297
3.41,0.6940938331
3.42,0.695725196
3.43,0.697354521
3.44,0.6989818106
3.45,0.7006070673
3.46,0.7022302937
3.47,0.7038514924
3.48,0.7054706658
3.49,0.7070878166
3.5,0.7087029471
3.51,0.7103160601
3.52,0.7119271578
3.53,0.713536243
3.54,0.7151433181
3.55,0.7167483855
3.56,0.7183514479
3.57,0.7199525078
3.58,0.7215515675
3.59,0.7231486297
3.6,0.7247436968
3.61,0.7263367713
3.62,0.7279278557
3.63,0.7295169524
3.64,0.7311040641
3.65,0.7326891931
3.66,0.7342723419
3.67,0.7358535131
3.68,0.737432709
3.69,0.7390099321
3.7,0.740585185
3.71,0.74215847
3.72,0.7437297896
3.73,0.7452991463
3.74,0.7468665426
3.75,0.7484319808
3.76,0.7499954634
3.77,0.7515569929
3.78,0.7531165718
3.79,0.7546742023
3.8,0.7562298871
3.81,0.7577836284
3.82,0.7593354288
3.83,0.7608852907
3.84,0.7624332164
3.85,0.7639792084
3.86,0.7655232692
3.87,0.7670654011
3.88,0.7686056065
3.89,0.7701438878
3.9,0.7716802476
3.91,0.773214688
3.92,0.7747472116
3.93,0.7762778208
3.94,0.7778065179
3.95,0.7793333053
3.96,0.7808581854
3.97,0.7823811606
3.98,0.7839022333
3.99,0.7854214058
4,0.7869386806
4.01,0.7884540599
4.02,0.7899675462
4.03,0.7914791418
4.04,0.7929888491
4.05,0.7944966705
4.06,0.7960026083
4.07,0.7975066648
4.08,0.7990088424
4.09,0.8005091434
4.1,0.8020075703
4.11,0.8035041253
4.12,0.8049988108
4.13,0.806491629
4.14,0.8079825825
4.15,0.8094716734
4.16,0.8109589041
4.17,0.8124442769
4.18,0.8139277941
4.19,0.8154094582
4.2,0.8168892713
4.21,0.8183672358
4.22,0.8198433539
4.23,0.8213176281
4.24,0.8227900606
4.25,0.8242606538
4.26,0.8257294098
4.27,0.827196331
4.28,0.8286614197
4.29,0.8301246782
4.3,0.8315861088
4.31,0.8330457137
4.32,0.8345034953
4.33,0.8359594557
4.34,0.8374135974
4.35,0.8388659225
4.36,0.8403164333
4.37,0.8417651322
4.38,0.8432120212
4.39,0.8446571029
4.4,0.8461003792
4.41,0.8475418527
4.42,0.8489815254
4.43,0.8504193996
4.44,0.8518554776
4.45,0.8532897616
4.46,0.8547222539
4.47,0.8561529568
4.48,0.8575818723
4.49,0.8590090028
4.5,0.8604343505
4.51,0.8618579177
4.52,0.8632797065
4.53,0.8646997192
4.54,0.8661179579
4.55,0.867534425
4.56,0.8689491226
4.57,0.8703620529
4.58,0.8717732182
4.59,0.8731826206
4.6,0.8745902624
4.61,0.8759961457
4.62,0.8774002728
4.63,0.8788026457
4.64,0.8802032669
4.65,0.8816021383
4.66,0.8829992623
4.67,0.8843946409
4.68,0.8857882764
4.69,0.8871801709
4.7,0.8885703267
4.71,0.8899587458
4.72,0.8913454305
4.73,0.892730383
4.74,0.8941136053
4.75,0.8954950997
4.76,0.8968748683
4.77,0.8982529132
4.78,0.8996292367
4.79,0.9010038408
4.8,0.9023767278
4.81,0.9037478997
4.82,0.9051173588
4.83,0.9064851071
4.84,0.9078511467
4.85,0.9092154799
4.86,0.9105781087
4.87,0.9119390353
4.88,0.9132982618
4.89,0.9146557904
4.9,0.9160116231
4.91,0.917365762
4.92,0.9187182094
4.93,0.9200689672
4.94,0.9214180377
4.95,0.9227654228
4.96,0.9241111248
4.97,0.9254551457
4.98,0.9267974876
4.99,0.9281381527
5,0.929477143
5.01,0.9308144605
5.02,0.9321501075
5.03,0.933484086
5.04,0.934816398
5.05,0.9361470457
5.06,0.9374760311
5.07,0.9388033563
5.08,0.9401290234
5.09,0.9414530344
5.1,0.9427753915
5.11,0.9440960966
5.12,0.9454151519
5.13,0.9467325594
5.14,0.9480483212
5.15,0.9493624393
5.16,0.9506749158
5.17,0.9519857527
5.18,0.9532949521
5.19,0.954602516
5.2,0.9559084465
5.21,0.9572127456
5.22,0.9585154153
5.23,0.9598164577
5.24,0.9611158748
5.25,0.9624136687
5.26,0.9637098413
5.27,0.9650043948
5.28,0.966297331
5.29,0.9675886521
5.3,0.9688783601
5.31,0.9701664569
5.32,0.9714529446
5.33,0.9727378252
5.34,0.9740211007
5.35,0.9753027731
5.36,0.9765828444
5.37,0.9778613167
5.38,0.9791381918
5.39,0.9804134718
5.4,0.9816871588
5.41,0.9829592546
5.42,0.9842297613
5.43,0.9854986809
5.44,0.9867660153
5.45,0.9880317665
5.46,0.9892959365
5.47,0.9905585273
5.48,0.9918195408
5.49,0.9930789791
5.5,0.9943368441
5.51,0.9955931377
5.52,0.9968478619
5.53,0.9981010187
5.54,0.99935261
5.55,1.000602638
5.56,1.001851104
5.57,1.003098011
5.58,1.00434336
5.59,1.005587153
5.6,1.006829392
5.61,1.00807008
5.62,1.009309218
5.63,1.010546808
5.64,1.011782851
5.65,1.013017351
5.66,1.014250309
5.67,1.015481726
5.68,1.016711605
5.69,1.017939948
5.7,1.019166756
5.71,1.020392031
5.72,1.021615776
5.73,1.022837993
5.74,1.024058682
5.75,1.025277847
5.76,1.026495488
5.77,1.027711608
5.78,1.02892621
5.79,1.030139294
5.8,1.031350862
5.81,1.032560917
5.82,1.03376946
5.83,1.034976494
5.84,1.03618202
5.85,1.03738604
5.86,1.038588555
5.87,1.039789569
5.88,1.040989082
5.89,1.042187097
5.9,1.043383615
5.91,1.044578638
5.92,1.045772169
5.93,1.046964209
5.94,1.048154759
5.95,1.049343822
5.96,1.0505314
5.97,1.051717494
5.98,1.052902107
5.99,1.05408524
6,1.055266895
6.01,1.056447073
6.02,1.057625777
6.03,1.058803009
6.04,1.059978771
6.05,1.061153063
6.06,1.062325888
6.07,1.063497249
6.08,1.064667146
6.09,1.065835582
6.1,1.067002558
6.11,1.068168076
6.12,1.069332138
6.13,1.070494746
6.14,1.071655902
6.15,1.072815607
6.16,1.073973863
6.17,1.075130673
6.18,1.076286037
6.19,1.077439958
6.2,1.078592438
6.21,1.079743478
6.22,1.08089308
6.23,1.082041246
6.24,1.083187977
6.25,1.084333276
6.26,1.085477145
6.27,1.086619584
6.28,1.087760596
6.29,1.088900183
6.3,1.090038347
6.31,1.091175088
6.32,1.092310409
6.33,1.093444313
6.34,1.094576799
6.35,1.095707871
6.36,1.09683753
6.37,1.097965778
6.38,1.099092616
6.39,1.100218047
6.4,1.101342072
6.41,1.102464692
6.42,1.103585911
6.43,1.104705728
6.44,1.105824147
6.45,1.106941168
6.46,1.108056795
6.47,1.109171027
6.48,1.110283868
6.49,1.111395318
6.5,1.11250538
6.51,1.113614055
6.52,1.114721345
6.53,1.115827252
6.54,1.116931778
6.55,1.118034923
6.56,1.119136691
6.57,1.120237082
6.58,1.121336099
6.59,1.122433743
6.6,1.123530015
6.61,1.124624918
6.62,1.125718453
6.63,1.126810623
6.64,1.127901427
6.65,1.12899087
6.66,1.130078951
6.67,1.131165673
6.68,1.132251037
6.69,1.133335046
6.7,1.1344177
6.71,1.135499002
6.72,1.136578953
6.73,1.137657555
6.74,1.13873481
6.75,1.139810719
6.76,1.140885284
6.77,1.141958506
6.78,1.143030388
6.79,1.144100931
6.8,1.145170136
6.81,1.146238006
6.82,1.147304542
6.83,1.148369745
6.84,1.149433618
6.85,1.150496162
6.86,1.151557378
6.87,1.152617269
6.88,1.153675835
6.89,1.15473308
6.9,1.155789003
6.91,1.156843608
6.92,1.157896895
6.93,1.158948866
6.94,1.159999523
6.95,1.161048868
6.96,1.162096902
6.97,1.163143626
6.98,1.164189043
6.99,1.165233154
7,1.166275961
7.01,1.167317465
7.02,1.168357668
7.03,1.169396571
7.04,1.170434177
7.05,1.171470486
7.06,1.172505501
7.07,1.173539223
7.08,1.174571653
7.09,1.175602794
7.1,1.176632647
7.11,1.177661213
7.12,1.178688494
7.13,1.179714492
7.14,1.180739209
7.15,1.181762645
7.16,1.182784803
7.17,1.183805684
7.18,1.184825289
7.19,1.185843621
7.2,1.186860681
7.21,1.18787647
7.22,1.18889099
7.23,1.189904243
7.24,1.19091623
7.25,1.191926953
7.26,1.192936413
7.27,1.193944612
7.28,1.194951552
7.29,1.195957234
7.3,1.196961659
7.31,1.19796483
7.32,1.198966748
7.33,1.199967414
7.34,1.20096683
7.35,1.201964997
7.36,1.202961918
7.37,1.203957593
7.38,1.204952024
7.39,1.205945213
7.4,1.206937162
7.41,1.207927871
7.42,1.208917343
7.43,1.209905578
7.44,1.210892579
7.45,1.211878347
7.46,1.212862884
7.47,1.213846191
7.48,1.214828269
7.49,1.21580912
7.5,1.216788747
7.51,1.217767149
7.52,1.218744329
7.53,1.219720289
7.54,1.220695029
7.55,1.221668552
7.56,1.222640858
7.57,1.22361195
7.58,1.224581829
7.59,1.225550496
7.6,1.226517953
7.61,1.227484202
7.62,1.228449243
7.63,1.229413079
7.64,1.230375711
7.65,1.23133714
7.66,1.232297369
7.67,1.233256397
7.68,1.234214228
7.69,1.235170862
7.7,1.236126301
7.71,1.237080547
7.72,1.238033601
7.73,1.238985463
7.74,1.239936137
7.75,1.240885624
7.76,1.241833924
7.77,1.242781039
7.78,1.243726972
7.79,1.244671722
7.8,1.245615293
7.81,1.246557685
7.82,1.247498899
7.83,1.248438938
7.84,1.249377802
7.85,1.250315494
7.86,1.251252014
7.87,1.252187364
7.88,1.253121546
7.89,1.254054561
7.9,1.25498641
7.91,1.255917095
7.92,1.256846618
7.93,1.257774979
7.94,1.258702181
7.95,1.259628224
7.96,1.260553111
7.97,1.261476842
7.98,1.262399419
7.99,1.263320844
8,1.264241118
8.01,1.265160242
8.02,1.266078218
8.03,1.266995047
8.04,1.26791073
8.05,1.26882527
8.06,1.269738668
8.07,1.270650924
8.08,1.271562041
8.09,1.272472019
8.1,1.273380861
8.11,1.274288568
8.12,1.27519514
8.13,1.27610058
8.14,1.277004889
8.15,1.277908069
8.16,1.27881012
8.17,1.279711044
8.18,1.280610843
8.19,1.281509517
8.2,1.282407069
8.21,1.2833035
8.22,1.284198811
8.23,1.285093003
8.24,1.285986079
8.25,1.286878039
8.26,1.287768884
8.27,1.288658617
8.28,1.289547238
8.29,1.290434749
8.3,1.291321152
8.31,1.292206447
8.32,1.293090636
8.33,1.293973721
8.34,1.294855702
8.35,1.295736582
8.36,1.296616361
8.37,1.297495042
8.38,1.298372624
8.39,1.29924911
8.4,1.300124502
8.41,1.3009988
8.42,1.301872005
8.43,1.30274412
8.44,1.303615145
8.45,1.304485083
8.46,1.305353933
8.47,1.306221698
8.48,1.307088379
8.49,1.307953978
8.5,1.308818495
8.51,1.309681932
8.52,1.31054429
8.53,1.311405572
8.54,1.312265777
8.55,1.313124908
8.56,1.313982965
8.57,1.314839951
8.58,1.315695866
8.59,1.316550712
8.6,1.317404489
8.61,1.318257201
8.62,1.319108847
8.63,1.319959429
8.64,1.320808949
8.65,1.321657407
8.66,1.322504806
8.67,1.323351146
8.68,1.324196428
8.69,1.325040655
8.7,1.325883827
8.71,1.326725946
8.72,1.327567013
8.73,1.328407029
8.74,1.329245995
8.75,1.330083914
8.76,1.330920786
8.77,1.331756613
8.78,1.332591395
8.79,1.333425135
8.8,1.334257833
8.81,1.33508949
8.82,1.335920109
8.83,1.336749691
8.84,1.337578236
8.85,1.338405745
8.86,1.339232222
8.87,1.340057665
8.88,1.340882078
8.89,1.341705461
8.9,1.342527815
8.91,1.343349141
8.92,1.344169442
8.93,1.344988718
8.94,1.345806971
8.95,1.346624201
8.96,1.347440411
8.97,1.348255601
8.98,1.349069772
8.99,1.349882927
9,1.350695065
9.01,1.351506189
9.02,1.3523163
9.03,1.353125399
9.04,1.353933487
9.05,1.354740566
9.06,1.355546636
9.07,1.3563517
9.08,1.357155757
9.09,1.357958811
9.1,1.358760861
9.11,1.359561909
9.12,1.360361956
9.13,1.361161004
9.14,1.361959054
9.15,1.362756107
9.16,1.363552164
9.17,1.364347227
9.18,1.365141297
9.19,1.365934374
9.2,1.366726461
9.21,1.367517559
9.22,1.368307668
9.23,1.36909679
9.24,1.369884926
9.25,1.370672078
9.26,1.371458246
9.27,1.372243433
9.28,1.373027638
9.29,1.373810864
9.3,1.374593111
9.31,1.375374382
9.32,1.376154676
9.33,1.376933995
9.34,1.377712341
9.35,1.378489715
9.36,1.379266117
9.37,1.38004155
9.38,1.380816014
9.39,1.38158951
9.4,1.382362041
9.41,1.383133606
9.42,1.383904207
9.43,1.384673846
9.44,1.385442523
9.45,1.38621024
9.46,1.386976998
9.47,1.387742798
9.48,1.388507641
9.49,1.389271529
9.5,1.390034463
9.51,1.390796443
9.52,1.391557472
9.53,1.39231755
9.54,1.393076678
9.55,1.393834859
9.56,1.394592092
9.57,1.395348379
9.58,1.396103721
9.59,1.39685812
9.6,1.397611576
9.61,1.398364091
9.62,1.399115666
9.63,1.399866303
9.64,1.400616001
9.65,1.401364763
9.66,1.402112589
9.67,1.402859482
9.68,1.403605441
9.69,1.404350469
9.7,1.405094565
9.71,1.405837733
9.72,1.406579971
9.73,1.407321283
9.74,1.408061669
9.75,1.408801129
9.76,1.409539666
9.77,1.41027728
9.78,1.411013973
9.79,1.411749746
9.8,1.412484599
9.81,1.413218535
9.82,1.413951553
9.83,1.414683656
9.84,1.415414845
9.85,1.41614512
9.86,1.416874482
9.87,1.417602934
9.88,1.418330475
9.89,1.419057108
9.9,1.419782833
9.91,1.420507651
9.92,1.421231564
9.93,1.421954573
9.94,1.422676678
9.95,1.423397881
9.96,1.424118184
9.97,1.424837586
9.98,1.42555609
9.99,1.426273696
10,1.426990406
