time,y_scalar,y_gain
0,0,0
0.01,0,0
0.02,0.009999833334,0.01999966667
0.03,0.01999866669,0.03999733338
0.04,0.0299955002,0.0599910004
0.05,0.03998933419,0.07997866838
0.06,0.04997916927,0.09995833854
0.07,0.05996400648,0.119928013
0.08,0.06994284734,0.1398856947
0.09,0.07991469397,0.1598293879
0.1,0.0898785492,0.1797570984
0.11,0.09983341665,0.1996668333
0.12,0.1097783008,0.2195566016
0.13,0.1197122073,0.2394244146
0.14,0.1296341426,0.2592682852
0.15,0.1395431146,0.2790862292
0.16,0.1494381325,0.298876265
0.17,0.1593182066,0.3186364132
0.18,0.1691823491,0.3383646982
0.19,0.1790295734,0.3580591468
0.2,0.188858895,0.37771779
0.21,0.1986693308,0.3973386616
0.22,0.2084598998,0.4169197996
0.23,0.2182296231,0.4364592462
0.24,0.2279775235,0.455955047
0.25,0.2377026264,0.4754052528
0.26,0.2474039593,0.4948079186
0.27,0.2570805519,0.5141611038
0.28,0.2667314367,0.5334628734
0.29,0.2763556486,0.5527112972
0.3,0.2859522251,0.5719044502
0.31,0.2955202067,0.5910404134
0.32,0.3050586364,0.6101172728
0.33,0.3145665606,0.6291331212
0.34,0.3240430284,0.6480860568
0.35,0.3334870921,0.6669741842
0.36,0.3428978075,0.685795615
0.37,0.3522742333,0.7045484666
0.38,0.361615432,0.723230864
0.39,0.3709204694,0.7418409388
0.4,0.3801884151,0.7603768302
0.41,0.3894183423,0.7788366846
0.42,0.398609328,0.797218656
0.43,0.4077604531,0.8155209062
0.44,0.4168708024,0.8337416048
0.45,0.4259394651,0.8518789302
0.46,0.4349655341,0.8699310682
0.47,0.443948107,0.887896214
0.48,0.4528862854,0.9057725708
0.49,0.4617791755,0.923558351
0.5,0.4706258882,0.9412517764
0.51,0.4794255386,0.9588510772
0.52,0.4881772469,0.9763544938
0.53,0.4968801378,0.9937602756
0.54,0.5055333412,1.011066682
0.55,0.5141359917,1.028271983
0.56,0.5226872289,1.045374458
0.57,0.5311861979,1.062372396
0.58,0.5396320487,1.079264097
0.59,0.5480239368,1.096047874
0.6,0.5563610229,1.112722046
0.61,0.5646424734,1.129284947
0.62,0.5728674601,1.14573492
0.63,0.5810351605,1.162070321
0.64,0.5891447579,1.178289516
0.65,0.5971954414,1.194390883
0.66,0.6051864057,1.210372811
0.67,0.613116852,1.226233704
0.68,0.620985987,1.241971974
0.69,0.628793024,1.257586048
0.7,0.6365371822,1.273074364
0.71,0.6442176872,1.288435374
0.72,0.651833771,1.303667542
0.73,0.659384672,1.318769344
0.74,0.666869635,1.33373927
0.75,0.6742879116,1.348575823
0.76,0.68163876,1.36327752
0.77,0.6889214451,1.37784289
0.78,0.6961352386,1.392270477
0.79,0.7032794192,1.406558838
0.8,0.7103532724,1.420706545
0.81,0.7173560909,1.434712182
0.82,0.7242871744,1.448574349
0.83,0.7311458297,1.462291659
0.84,0.7379313711,1.475862742
0.85,0.74464312,1.48928624
0.86,0.7512804051,1.50256081
0.87,0.7578425629,1.515685126
0.88,0.764328937,1.528657874
0.89,0.7707388789,1.541477758
0.9,0.7770717475,1.554143495
0.91,0.7833269096,1.566653819
0.92,0.7895037397,1.579007479
0.93,0.79560162,1.59120324
0.94,0.8016199409,1.603239882
0.95,0.8075581004,1.615116201
0.96,0.8134155048,1.62683101
0.97,0.8191915683,1.638383137
0.98,0.8248857133,1.649771427
0.99,0.8304973705,1.660994741
1,0.8360259786,1.672051957
1.01,0.8414709848,1.68294197
1.02,0.8468318446,1.693663689
1.03,0.8521080219,1.704216044
1.04,0.8572989892,1.714597978
1.05,0.8624042272,1.724808454
1.06,0.8674232256,1.734846451
1.07,0.8723554823,1.744710965
1.08,0.8772005043,1.754401009
1.09,0.8819578069,1.763915614
1.1,0.8866269144,1.773253829
1.11,0.8912073601,1.78241472
1.12,0.8956986857,1.791397371
1.13,0.9001004422,1.800200884
1.14,0.9044121894,1.808824379
1.15,0.9086334961,1.817266992
1.16,0.9127639403,1.825527881
1.17,0.9168031088,1.833606218
1.18,0.9207505977,1.841501195
1.19,0.9246060124,1.849212025
1.2,0.9283689672,1.856737934
1.21,0.932039086,1.864078172
1.22,0.9356160016,1.871232003
1.23,0.9390993563,1.878198713
1.24,0.9424888019,1.884977604
1.25,0.9457839994,1.891567999
1.26,0.9489846194,1.897969239
1.27,0.9520903416,1.904180683
1.28,0.9551008556,1.910201711
1.29,0.9580158603,1.916031721
1.3,0.9608350642,1.921670128
1.31,0.9635581854,1.927116371
1.32,0.9661849516,1.932369903
1.33,0.9687151001,1.9374302
1.34,0.9711483779,1.942296756
1.35,0.9734845417,1.946969083
1.36,0.9757233578,1.951446716
1.37,0.9778646024,1.955729205
1.38,0.9799080614,1.959816123
1.39,0.9818535304,1.963707061
1.4,0.9837008148,1.96740163
1.41,0.98544973,1.97089946
1.42,0.987100101,1.974200202
1.43,0.9886517629,1.977303526
1.44,0.9901045603,1.980209121
1.45,0.9914583482,1.982916696
1.46,0.992712991,1.985425982
1.47,0.9938683634,1.987736727
1.48,0.9949243498,1.9898487
1.49,0.9958808445,1.991761689
1.5,0.996737752,1.993475504
1.51,0.9974949866,1.994989973
1.52,0.9981524725,1.996304945
1.53,0.998710144,1.997420288
1.54,0.9991679453,1.998335891
1.55,0.9995258306,1.999051661
1.56,0.9997837642,1.999567528
1.57,0.9999417202,1.99988344
1.58,0.9999996829,1.999999366
1.59,0.9999576465,1.999915293
1.6,0.9998156151,1.99963123
1.61,0.999573603,1.999147206
1.62,0.9992316344,1.998463269
1.63,0.9987897435,1.997579487
1.64,0.9982479744,1.996495949
1.65,0.9976063813,1.995212763
1.66,0.9968650285,1.993730057
1.67,0.9960239899,1.99204798
1.68,0.9950833498,1.9901667
1.69,0.9940432022,1.988086404
1.7,0.9929036511,1.985807302
1.71,0.9916648105,1.983329621
1.72,0.9903268042,1.980653608
1.73,0.988889766,1.977779532
1.74,0.9873538397,1.974707679
1.75,0.9857191788,1.971438358
1.76,0.9839859469,1.967971894
1.77,0.9821543171,1.964308634
1.78,0.9802244728,1.960448946
1.79,0.9781966068,1.956393214
1.8,0.976070922,1.952141844
1.81,0.9738476309,1.947695262
1.82,0.9715269558,1.943053912
1.83,0.9691091289,1.938218258
1.84,0.9665943918,1.933188784
1.85,0.9639829962,1.927965992
1.86,0.961275203,1.922550406
1.87,0.9584712831,1.916942566
1.88,0.9555715169,1.911143034
1.89,0.9525761943,1.905152389
1.9,0.9494856149,1.89897123
1.91,0.9463000877,1.892600175
1.92,0.9430199313,1.886039863
1.93,0.9396454737,1.879290947
1.94,0.9361770523,1.872354105
1.95,0.932615014,1.865230028
1.96,0.928959715,1.85791943
1.97,0.9252115208,1.850423042
1.98,0.9213708062,1.842741612
1.99,0.9174379553,1.834875911
2,0.9134133613,1.826826723
2.01,0.9092974268,1.818594854
2.02,0.9050905633,1.810181127
2.03,0.9007931915,1.801586383
2.04,0.8964057412,1.792811482
2.05,0.891928651,1.783857302
2.06,0.8873623686,1.774724737
2.07,0.8827073508,1.765414702
2.08,0.877964063,1.755928126
2.09,0.8731329795,1.746265959
2.1,0.8682145834,1.736429167
2.11,0.8632093666,1.726418733
2.12,0.8581178296,1.716235659
2.13,0.8529404816,1.705880963
2.14,0.8476778401,1.69535568
2.15,0.8423304316,1.684660863
2.16,0.8368987908,1.673797582
2.17,0.8313834608,1.662766922
2.18,0.8257849931,1.651569986
2.19,0.8201039476,1.640207895
2.2,0.8143408924,1.628681785
2.21,0.8084964038,1.616992808
2.22,0.8025710662,1.605142132
2.23,0.7965654722,1.593130944
2.24,0.7904802223,1.580960445
2.25,0.7843159251,1.56863185
2.26,0.7780731969,1.556146394
2.27,0.771752662,1.543505324
2.28,0.7653549525,1.530709905
2.29,0.7588807082,1.517761416
2.3,0.7523305764,1.504661153
2.31,0.7457052122,1.491410424
2.32,0.7390052781,1.478010556
2.33,0.732231444,1.464462888
2.34,0.7253843875,1.450768775
2.35,0.7184647931,1.436929586
2.36,0.7114733528,1.422946706
2.37,0.7044107658,1.408821532
2.38,0.6972777383,1.394555477
2.39,0.6900749836,1.380149967
2.4,0.6828032219,1.365606444
2.41,0.6754631806,1.350926361
2.42,0.6680555934,1.336111187
2.43,0.6605812013,1.321162403
2.44,0.6530407516,1.306081503
2.45,0.6454349983,1.290869997
2.46,0.6377647021,1.275529404
2.47,0.63003063,1.26006126
2.48,0.6222335553,1.244467111
2.49,0.6143742578,1.228748516
2.5,0.6064535234,1.212907047
2.51,0.5984721441,1.196944288
2.52,0.5904309181,1.180861836
2.53,0.5823306495,1.164661299
2.54,0.5741721484,1.148344297
2.55,0.5659562304,1.131912461
2.56,0.5576837174,1.115367435
2.57,0.5493554364,1.098710873
2.58,0.5409722204,1.081944441
2.59,0.5325349076,1.065069815
2.6,0.5240443417,1.048088683
2.61,0.5155013718,1.031002744
2.62,0.5069068522,1.013813704
2.63,0.4982616424,0.9965232848
2.64,0.4895666068,0.9791332136
2.65,0.480822615,0.96164523
2.66,0.4720305413,0.9440610826
2.67,0.4631912649,0.9263825298
2.68,0.4543056698,0.9086113396
2.69,0.4453746445,0.890749289
2.7,0.4363990822,0.8727981644
2.71,0.4273798802,0.8547597604
2.72,0.4183179407,0.8366358814
2.73,0.4092141697,0.8184283394
2.74,0.4000694776,0.8001389552
2.75,0.3908847789,0.7817695578
2.76,0.3816609921,0.7633219842
2.77,0.3723990394,0.7447980788
2.78,0.3630998472,0.7261996944
2.79,0.3537643453,0.7075286906
2.8,0.3443934673,0.6887869346
2.81,0.3349881502,0.6699763004
2.82,0.3255493345,0.651098669
2.83,0.3160779642,0.6321559284
2.84,0.3065749864,0.6131499728
2.85,0.2970413513,0.5940827026
2.86,0.2874780123,0.5749560246
2.87,0.2778859258,0.5557718516
2.88,0.2682660509,0.5365321018
2.89,0.2586193497,0.5172386994
2.9,0.2489467867,0.4978935734
2.91,0.2392493292,0.4784986584
2.92,0.229527947,0.459055894
2.93,0.2197836122,0.4395672244
2.94,0.2100172993,0.4200345986
2.95,0.2002299847,0.4004599694
2.96,0.1904226474,0.3808452948
2.97,0.1805962679,0.3611925358
2.98,0.170751829,0.341503658
2.99,0.160890315,0.32178063
3,0.1510127121,0.3020254242
3.01,0.1411200081,0.2822400162
3.02,0.1312131922,0.2624263844
3.03,0.121293255,0.24258651
3.04,0.1113611887,0.2227223774
3.05,0.1014179863,0.2028359726
3.06,0.09146464223,0.1829292845
3.07,0.08150215176,0.1630043035
3.08,0.07153151114,0.1430630223
3.09,0.06155371743,0.1231074349
3.1,0.0515697684,0.1031395368
3.11,0.04158066243,0.08316132486
3.12,0.03158739844,0.06317479688
3.13,0.02159097573,0.04318195146
3.14,0.01159239394,0.02318478788
3.15,0.001592652916,0.003185305832
3.16,-0.008407247367,-0.01681449473
3.17,-0.01840630693,-0.03681261386
3.18,-0.02840352588,-0.05680705176
3.19,-0.03839790451,-0.07679580902
3.2,-0.04838844337,-0.09677688674
3.21,-0.05837414343,-0.1167482869
3.22,-0.06835400612,-0.1367080122
3.23,-0.07832703347,-0.1566540669
3.24,-0.08829222818,-0.1765844564
3.25,-0.09824859375,-0.1964971875
3.26,-0.1081951345,-0.216390269
3.27,-0.1181308559,-0.2362617118
3.28,-0.1280547643,-0.2561095286
3.29,-0.1379658673,-0.2759317346
3.3,-0.1478631738,-0.2957263476
3.31,-0.1577456941,-0.3154913882
3.32,-0.16761244,-0.33522488
3.33,-0.1774624248,-0.3549248496
3.34,-0.1872946635,-0.374589327
3.35,-0.1971081729,-0.3942163458
3.36,-0.2069019717,-0.4138039434
3.37,-0.2166750804,-0.4333501608
3.38,-0.2264265218,-0.4528530436
3.39,-0.2361553207,-0.4723106414
3.4,-0.2458605043,-0.4917210086
3.41,-0.255541102,-0.511082204
3.42,-0.2651961459,-0.5303922918
3.43,-0.2748246703,-0.5496493406
3.44,-0.2844257125,-0.568851425
3.45,-0.2939983124,-0.5879966248
3.46,-0.3035415127,-0.6070830254
3.47,-0.3130543591,-0.6261087182
3.48,-0.3225359003,-0.6450718006
3.49,-0.3319851882,-0.6639703764
3.5,-0.3414012779,-0.6828025558
3.51,-0.3507832277,-0.7015664554
3.52,-0.3601300995,-0.720260199
3.53,-0.3694409585,-0.738881917
3.54,-0.3787148738,-0.7574297476
3.55,-0.3879509179,-0.7759018358
3.56,-0.3971481673,-0.7942963346
3.57,-0.4063057021,-0.8126114042
3.58,-0.4154226068,-0.8308452136
3.59,-0.4244979695,-0.848995939
3.6,-0.4335308828,-0.8670617656
3.61,-0.4425204433,-0.8850408866
3.62,-0.4514657522,-0.9029315044
3.63,-0.4603659148,-0.9207318296
3.64,-0.4692200413,-0.9384400826
3.65,-0.4780272461,-0.9560544922
3.66,-0.4867866487,-0.9735732974
3.67,-0.4954973729,-0.9909947458
3.68,-0.5041585479,-1.008317096
3.69,-0.5127693074,-1.025538615
3.7,-0.5213287904,-1.042657581
3.71,-0.5298361409,-1.059672282
3.72,-0.5382905083,-1.076581017
3.73,-0.5466910471,-1.093382094
3.74,-0.5550369172,-1.110073834
3.75,-0.5633272841,-1.126654568
3.76,-0.5715613187,-1.143122637
3.77,-0.5797381977,-1.159476395
3.78,-0.5878571034,-1.175714207
3.79,-0.5959172238,-1.191834448
3.8,-0.603917753,-1.207835506
3.81,-0.6118578909,-1.223715782
3.82,-0.6197368436,-1.239473687
3.83,-0.6275538231,-1.255107646
3.84,-0.6353080477,-1.270616095
3.85,-0.6429987421,-1.285997484
3.86,-0.6506251371,-1.301250274
3.87,-0.6581864701,-1.31637294
3.88,-0.665681985,-1.33136397
3.89,-0.6731109323,-1.346221865
3.9,-0.6804725691,-1.360945138
3.91,-0.6877661592,-1.375532318
3.92,-0.6949909732,-1.389981946
3.93,-0.7021462887,-1.404292577
3.94,-0.7092313902,-1.41846278
3.95,-0.7162455691,-1.432491138
3.96,-0.7231881241,-1.446376248
3.97,-0.7300583608,-1.460116722
3.98,-0.7368555924,-1.473711185
3.99,-0.7435791389,-1.487158278
4,-0.7502283282,-1.500456656
4.01,-0.7568024953,-1.513604991
4.02,-0.7633009828,-1.526601966
4.03,-0.7697231408,-1.539446282
4.04,-0.7760683271,-1.552136654
4.05,-0.7823359072,-1.564671814
4.06,-0.7885252544,-1.577050509
4.07,-0.7946357498,-1.5892715
4.08,-0.8006667822,-1.601333564
4.09,-0.8066177486,-1.613235497
4.1,-0.8124880539,-1.624976108
4.11,-0.8182771111,-1.636554222
4.12,-0.8239843412,-1.647968682
4.13,-0.8296091736,-1.659218347
4.14,-0.8351510458,-1.670302092
4.15,-0.8406094036,-1.681218807
4.16,-0.8459837011,-1.691967402
4.17,-0.8512734009,-1.702546802
4.18,-0.8564779742,-1.712955948
4.19,-0.8615969003,-1.723193801
4.2,-0.8666296675,-1.733259335
4.21,-0.8715757724,-1.743151545
4.22,-0.8764347205,-1.752869441
4.23,-0.8812060258,-1.762412052
4.24,-0.8858892113,-1.771778423
4.25,-0.8904838086,-1.780967617
4.26,-0.8949893582,-1.789978716
4.27,-0.8994054097,-1.798810819
4.28,-0.9037315214,-1.807463043
4.29,-0.9079672606,-1.815934521
4.3,-0.9121122039,-1.824224408
4.31,-0.9161659367,-1.832331873
4.32,-0.9201280538,-1.840256108
4.33,-0.9239981587,-1.847996317
4.34,-0.9277758646,-1.855551729
4.35,-0.9314607938,-1.862921588
4.36,-0.9350525776,-1.870105155
4.37,-0.9385508569,-1.877101714
4.38,-0.9419552819,-1.883910564
4.39,-0.9452655122,-1.890531024
4.4,-0.9484812167,-1.896962433
4.41,-0.9516020739,-1.903204148
4.42,-0.9546277717,-1.909255543
4.43,-0.9575580074,-1.915116015
4.44,-0.9603924882,-1.920784976
4.45,-0.9631309306,-1.926261861
4.46,-0.9657730606,-1.931546121
4.47,-0.9683186142,-1.936637228
4.48,-0.9707673367,-1.941534673
4.49,-0.9731189832,-1.946237966
4.5,-0.9753733187,-1.950746637
4.51,-0.9775301177,-1.955060235
4.52,-0.9795891644,-1.959178329
4.53,-0.9815502531,-1.963100506
4.54,-0.9834131875,-1.966826375
4.55,-0.9851777815,-1.970355563
4.56,-0.9868438585,-1.973687717
4.57,-0.9884112519,-1.976822504
4.58,-0.9898798051,-1.97975961
4.59,-0.9912493711,-1.982498742
4.6,-0.9925198129,-1.985039626
4.61,-0.9936910036,-1.987382007
4.62,-0.9947628261,-1.989525652
4.63,-0.9957351731,-1.991470346
4.64,-0.9966079474,-1.993215895
4.65,-0.9973810617,-1.994762123
4.66,-0.9980544388,-1.996108878
4.67,-0.9986280112,-1.997256022
4.68,-0.9991017217,-1.998203443
4.69,-0.9994755228,-1.998951046
4.7,-0.9997493772,-1.999498754
4.71,-0.9999232576,-1.999846515
4.72,-0.9999971464,-1.999994293
4.73,-0.9999710363,-1.999942073
4.74,-0.99984493,-1.99968986
4.75,-0.99961884,-1.99923768
4.76,-0.999292789,-1.998585578
4.77,-0.9988668095,-1.997733619
4.78,-0.9983409442,-1.996681888
4.79,-0.9977152456,-1.995430491
4.8,-0.9969897763,-1.993979553
4.81,-0.9961646088,-1.992329218
4.82,-0.9952398258,-1.990479652
4.83,-0.9942155195,-1.988431039
4.84,-0.9930917926,-1.986183585
4.85,-0.9918687573,-1.983737515
4.86,-0.990546536,-1.981093072
4.87,-0.9891252608,-1.978250522
4.88,-0.9876050739,-1.975210148
4.89,-0.9859861274,-1.971972255
4.9,-0.984268583,-1.968537166
4.91,-0.9824526126,-1.964905225
4.92,-0.9805383978,-1.961076796
4.93,-0.9785261299,-1.95705226
4.94,-0.9764160103,-1.952832021
4.95,-0.9742082499,-1.9484165
4.96,-0.9719030694,-1.943806139
4.97,-0.9695006995,-1.939001399
4.98,-0.9670013802,-1.93400276
4.99,-0.9644053617,-1.928810723
5,-0.9617129034,-1.923425807
5.01,-0.9589242747,-1.917848549
5.02,-0.9560397543,-1.912079509
5.03,-0.9530596307,-1.906119261
5.04,-0.949984202,-1.899968404
5.05,-0.9468137756,-1.893627551
5.06,-0.9435486686,-1.887097337
5.07,-0.9401892076,-1.880378415
5.08,-0.9367357284,-1.873471457
5.09,-0.9331885765,-1.866377153
5.1,-0.9295481064,-1.859096213
5.11,-0.9258146823,-1.851629365
5.12,-0.9219886775,-1.843977355
5.13,-0.9180704747,-1.836140949
5.14,-0.9140604655,-1.828120931
5.15,-0.9099590511,-1.819918102
5.16,-0.9057666415,-1.811533283
5.17,-0.901483656,-1.802967312
5.18,-0.8971105228,-1.794221046
5.19,-0.8926476794,-1.785295359
5.2,-0.888095572,-1.776191144
5.21,-0.8834546557,-1.766909311
5.22,-0.8787253947,-1.757450789
5.23,-0.8739082619,-1.747816524
5.24,-0.869003739,-1.738007478
5.25,-0.8640123165,-1.728024633
5.26,-0.8589344934,-1.717868987
5.27,-0.8537707776,-1.707541555
5.28,-0.8485216855,-1.697043371
5.29,-0.8431877419,-1.686375484
5.3,-0.8377694802,-1.67553896
5.31,-0.8322674422,-1.664534884
5.32,-0.8266821782,-1.653364356
5.33,-0.8210142467,-1.642028493
5.34,-0.8152642144,-1.630528429
5.35,-0.8094326564,-1.618865313
5.36,-0.8035201559,-1.607040312
5.37,-0.7975273039,-1.595054608
5.38,-0.7914546999,-1.5829094
5.39,-0.7853029511,-1.570605902
5.4,-0.7790726726,-1.558145345
5.41,-0.7727644876,-1.545528975
5.42,-0.7663790267,-1.532758053
5.43,-0.7599169285,-1.519833857
5.44,-0.7533788393,-1.506757679
5.45,-0.7467654129,-1.493530826
5.46,-0.7400773105,-1.480154621
5.47,-0.733315201,-1.466630402
5.48,-0.7264797606,-1.452959521
5.49,-0.7195716728,-1.439143346
5.5,-0.7125916285,-1.425183257
5.51,-0.7055403256,-1.411080651
5.52,-0.6984184692,-1.396836938
5.53,-0.6912267716,-1.382453543
5.54,-0.6839659519,-1.367931904
5.55,-0.6766367361,-1.353273472
5.56,-0.6692398573,-1.338479715
5.57,-0.661776055,-1.32355211
5.58,-0.6542460757,-1.308492151
5.59,-0.6466506723,-1.293301345
5.6,-0.6389906043,-1.277981209
5.61,-0.6312666379,-1.262533276
5.62,-0.6234795453,-1.246959091
5.63,-0.6156301053,-1.231260211
5.64,-0.6077191027,-1.215438205
5.65,-0.5997473288,-1.199494658
5.66,-0.5917155806,-1.183431161
5.67,-0.5836246614,-1.167249323
5.68,-0.5754753802,-1.15095076
5.69,-0.5672685519,-1.134537104
5.7,-0.5590049973,-1.118009995
5.71,-0.5506855426,-1.101371085
5.72,-0.5423110198,-1.08462204
5.73,-0.5338822664,-1.067764533
5.74,-0.5254001252,-1.05080025
5.75,-0.5168654444,-1.033730889
5.76,-0.5082790775,-1.016558155
5.77,-0.4996418831,-0.9992837662
5.78,-0.490954725,-0.98190945
5.79,-0.4822184717,-0.9644369434
5.8,-0.4734339971,-0.9468679942
5.81,-0.4646021794,-0.9292043588
5.82,-0.4557239019,-0.9114478038
5.83,-0.4468000524,-0.8936001048
5.84,-0.4378315233,-0.8756630466
5.85,-0.4288192113,-0.8576384226
5.86,-0.4197640178,-0.8395280356
5.87,-0.4106668483,-0.8213336966
5.88,-0.4015286124,-0.8030572248
5.89,-0.392350224,-0.784700448
5.9,-0.3831326009,-0.7662652018
5.91,-0.3738766648,-0.7477533296
5.92,-0.3645833414,-0.7291666828
5.93,-0.35525356,-0.71050712
5.94,-0.3458882535,-0.691776507
5.95,-0.3364883585,-0.672976717
5.96,-0.3270548149,-0.6541096298
5.97,-0.3175885661,-0.6351771322
5.98,-0.3080905587,-0.6161811174
5.99,-0.2985617425,-0.597123485
6,-0.2890030704,-0.5780061408
6.01,-0.2794154982,-0.5588309964
6.02,-0.2697999847,-0.5395999694
6.03,-0.2601574914,-0.5203149828
6.04,-0.2504889826,-0.5009779652
6.05,-0.2407954251,-0.4815908502
6.06,-0.2310777883,-0.4621555766
6.07,-0.2213370439,-0.4426740878
6.08,-0.2115741659,-0.4231483318
6.09,-0.2017901308,-0.4035802616
6.1,-0.1919859167,-0.3839718334
6.11,-0.1821625043,-0.3643250086
6.12,-0.1723208757,-0.3446417514
6.13,-0.1624620152,-0.3249240304
6.14,-0.1525869086,-0.3051738172
6.15,-0.1426965435,-0.285393087
6.16,-0.1327919089,-0.2655838178
6.17,-0.1228739951,-0.2457479902
6.18,-0.1129437941,-0.2258875882
6.19,-0.1030022987,-0.2060045974
6.2,-0.09305050326,-0.1861010065
6.21,-0.08308940282,-0.1661788056
6.22,-0.0731199935,-0.146239987
6.23,-0.06314327225,-0.1262865445
6.24,-0.05316023672,-0.1063204734
6.25,-0.04317188521,-0.08634377042
6.26,-0.03317921655,-0.0663584331
6.27,-0.02318322999,-0.04636645998
6.28,-0.01318492513,-0.02636985026
6.29,-0.003185301793,-0.006370603586
6.3,0.006814640075,0.01362928015
6.31,0.01681390048,0.03362780096
6.32,0.02681147952,0.05362295904
6.33,0.03680637743,0.07361275486
6.34,0.04679759473,0.09359518946
6.35,0.05678413231,0.1135682646
6.36,0.06676499152,0.133529983
6.37,0.07673917429,0.1534783486
6.38,0.08670568321,0.1734113664
6.39,0.09666352163,0.1933270433
6.4,0.1066116938,0.2132233876
6.41,0.1165492049,0.2330984098
6.42,0.1264750611,0.2529501222
6.43,0.1363882699,0.2727765398
6.44,0.1462878401,0.2925756802
6.45,0.1561727815,0.312345563
6.46,0.1660421059,0.3320842118
6.47,0.1758948261,0.3517896522
6.48,0.185729957,0.371459914
6.49,0.1955465151,0.3910930302
6.5,0.2053435187,0.4106870374
6.51,0.2151199881,0.4302399762
6.52,0.2248749457,0.4497498914
6.53,0.2346074159,0.4692148318
6.54,0.2443164257,0.4886328514
6.55,0.254001004,0.508002008
6.56,0.2636601824,0.5273203648
6.57,0.273292995,0.54658599
6.58,0.2828984785,0.565796957
6.59,0.2924756724,0.5849513448
6.6,0.302023619,0.604047238
6.61,0.3115413635,0.623082727
6.62,0.3210279541,0.6420559082
6.63,0.3304824422,0.6609648844
6.64,0.3399038823,0.6798077646
6.65,0.3492913323,0.6985826646
6.66,0.3586438535,0.717287707
6.67,0.3679605106,0.7359210212
6.68,0.3772403719,0.7544807438
6.69,0.3864825095,0.772965019
6.7,0.3956859992,0.7913719984
6.71,0.4048499206,0.8096998412
6.72,0.4139733574,0.8279467148
6.73,0.4230553971,0.8461107942
6.74,0.4320951317,0.8641902634
6.75,0.4410916572,0.8821833144
6.76,0.4500440738,0.9000881476
6.77,0.4589514864,0.9179029728
6.78,0.4678130042,0.9356260084
6.79,0.4766277411,0.9532554822
6.8,0.4853948157,0.9707896314
6.81,0.4941133511,0.9882267022
6.82,0.5027824757,1.005564951
6.83,0.5114013224,1.022802645
6.84,0.5199690294,1.039938059
6.85,0.5284847399,1.05696948
6.86,0.5369476024,1.073895205
6.87,0.5453567706,1.090713541
6.88,0.5537114036,1.107422807
6.89,0.5620106659,1.124021332
6.9,0.5702537276,1.140507455
6.91,0.5784397644,1.156879529
6.92,0.5865679577,1.173135915
6.93,0.5946374947,1.189274989
6.94,0.6026475684,1.205295137
6.95,0.6105973779,1.221194756
6.96,0.6184861282,1.236972256
6.97,0.6263130303,1.252626061
6.98,0.6340773017,1.268154603
6.99,0.6417781659,1.283556332
7,0.6494148528,1.298829706
7.01,0.6569865987,1.313973197
7.02,0.6644926466,1.328985293
7.03,0.6719322457,1.343864491
7.04,0.6793046521,1.358609304
7.05,0.6866091287,1.373218257
7.06,0.6938449449,1.38768989
7.07,0.7010113772,1.402022754
7.08,0.708107709,1.416215418
7.09,0.7151332306,1.430266461
7.1,0.7220872394,1.444174479
7.11,0.7289690401,1.45793808
7.12,0.7357779446,1.471555889
7.13,0.7425132718,1.485026544
7.14,0.7491743483,1.498348697
7.15,0.7557605081,1.511521016
7.16,0.7622710924,1.524542185
7.17,0.7687054502,1.5374109
7.18,0.7750629381,1.550125876
7.19,0.7813429204,1.562685841
7.2,0.787544769,1.575089538
7.21,0.7936678638,1.587335728
7.22,0.7997115925,1.599423185
7.23,0.8056753507,1.611350701
7.24,0.8115585421,1.623117084
7.25,0.8173605782,1.634721156
7.26,0.823080879,1.646161758
7.27,0.8287188724,1.657437745
7.28,0.8342739946,1.668547989
7.29,0.83974569,1.67949138
7.3,0.8451334117,1.690266823
7.31,0.8504366206,1.700873241
7.32,0.8556547866,1.711309573
7.33,0.8607873879,1.721574776
7.34,0.8658339111,1.731667822
7.35,0.8707938517,1.741587703
7.36,0.8756667136,1.751333427
7.37,0.8804520096,1.760904019
7.38,0.885149261,1.770298522
7.39,0.8897579984,1.779515997
7.4,0.8942777606,1.788555521
7.41,0.8987080958,1.797416192
7.42,0.903048561,1.806097122
7.43,0.907298722,1.814597444
7.44,0.911458154,1.822916308
7.45,0.9155264408,1.831052882
7.46,0.9195031758,1.839006352
7.47,0.9233879613,1.846775923
7.48,0.9271804087,1.854360817
7.49,0.9308801388,1.861760278
7.5,0.9344867818,1.868973564
7.51,0.9379999768,1.875999954
7.52,0.9414193726,1.882838745
7.53,0.9447446272,1.889489254
7.54,0.9479754082,1.895950816
7.55,0.9511113924,1.902222785
7.56,0.9541522663,1.908304533
7.57,0.9570977257,1.914195451
7.58,0.9599474762,1.919894952
7.59,0.9627012327,1.925402465
7.6,0.9653587199,1.93071744
7.61,0.967919672,1.935839344
7.62,0.970383833,1.940767666
7.63,0.9727509564,1.945501913
7.64,0.9750208055,1.950041611
7.65,0.9771931533,1.954386307
7.66,0.9792677827,1.958535565
7.67,0.9812444861,1.962488972
7.68,0.9831230658,1.966246132
7.69,0.9849033341,1.969806668
7.7,0.9865851128,1.973170226
7.71,0.9881682339,1.976336468
7.72,0.9896525389,1.979305078
7.73,0.9910378796,1.982075759
7.74,0.9923241172,1.984648234
7.75,0.9935111233,1.987022247
7.76,0.9945987791,1.989197558
7.77,0.9955869759,1.991173952
7.78,0.9964756147,1.992951229
7.79,0.9972646069,1.994529214
7.8,0.9979538734,1.995907747
7.81,0.9985433454,1.997086691
7.82,0.9990329638,1.998065928
7.83,0.9994226798,1.99884536
7.84,0.9997124544,1.999424909
7.85,0.9999022585,1.999804517
7.86,0.9999920733,1.999984147
7.87,0.9999818897,1.999963779
7.88,0.9998717087,1.999743417
7.89,0.9996615414,1.999323083
7.9,0.9993514088,1.998702818
7.91,0.9989413418,1.997882684
7.92,0.9984313816,1.996862763
7.93,0.9978215791,1.995643158
7.94,0.9971119952,1.99422399
7.95,0.9963027009,1.992605402
7.96,0.9953937773,1.990787555
7.97,0.994385315,1.98877063
7.98,0.9932774151,1.98655483
7.99,0.9920701882,1.984140376
8,0.9907637552,1.98152751
8.01,0.9893582466,1.978716493
8.02,0.987853803,1.975707606
8.03,0.9862505749,1.97250115
8.04,0.9845487225,1.969097445
8.05,0.9827484161,1.965496832
8.06,0.9808498356,1.961699671
8.07,0.978853171,1.957706342
8.08,0.9767586219,1.953517244
8.09,0.9745663977,1.949132795
8.1,0.9722767177,1.944553435
8.11,0.9698898108,1.939779622
8.12,0.9674059158,1.934811832
8.13,0.964825281,1.929650562
8.14,0.9621481645,1.924296329
8.15,0.9593748339,1.918749668
8.16,0.9565055667,1.913011133
8.17,0.9535406497,1.907081299
8.18,0.9504803794,1.900960759
8.19,0.9473250619,1.894650124
8.2,0.9440750126,1.888150025
8.21,0.9407305567,1.881461113
8.22,0.9372920285,1.874584057
8.23,0.9337597718,1.867519544
8.24,0.93013414,1.86026828
8.25,0.9264154955,1.852830991
8.26,0.9226042102,1.84520842
8.27,0.9187006653,1.837401331
8.28,0.9147052511,1.829410502
8.29,0.9106183671,1.821236734
8.3,0.9064404221,1.812880844
8.31,0.9021718338,1.804343668
8.32,0.897813029,1.795626058
8.33,0.8933644437,1.786728887
8.34,0.8888265226,1.777653045
8.35,0.8841997197,1.768399439
8.36,0.8794844975,1.758968995
8.37,0.8746813276,1.749362655
8.38,0.8697906904,1.739581381
8.39,0.8648130747,1.729626149
8.4,0.8597489785,1.719497957
8.41,0.8545989081,1.709197816
8.42,0.8493633785,1.698726757
8.43,0.8440429133,1.688085827
8.44,0.8386380445,1.677276089
8.45,0.8331493126,1.666298625
8.46,0.8275772664,1.655154533
8.47,0.8219224633,1.643844927
8.48,0.8161854685,1.632370937
8.49,0.8103668559,1.620733712
8.5,0.8044672073,1.608934415
8.51,0.7984871126,1.596974225
8.52,0.7924271699,1.58485434
8.53,0.7862879851,1.57257597
8.54,0.7800701722,1.560140344
8.55,0.7737743529,1.547548706
8.56,0.7674011569,1.534802314
8.57,0.7609512213,1.521902443
8.58,0.7544251913,1.508850383
8.59,0.7478237194,1.495647439
8.6,0.7411474657,1.482294931
8.61,0.7343970979,1.468794196
8.62,0.727573291,1.455146582
8.63,0.7206767273,1.441353455
8.64,0.7137080966,1.427416193
8.65,0.7066680957,1.413336191
8.66,0.6995574286,1.399114857
8.67,0.6923768063,1.384753613
8.68,0.6851269469,1.370253894
8.69,0.6778085754,1.355617151
8.7,0.6704224236,1.340844847
8.71,0.6629692301,1.32593846
8.72,0.6554497402,1.31089948
8.73,0.6478647059,1.295729412
8.74,0.6402148857,1.280429771
8.75,0.6325010445,1.265002089
8.76,0.6247239538,1.249447908
8.77,0.6168843911,1.233768782
8.78,0.6089831406,1.217966281
8.79,0.6010209922,1.202041984
8.8,0.5929987422,1.185997484
8.81,0.5849171929,1.169834386
8.82,0.5767771523,1.153554305
8.83,0.5685794345,1.137158869
8.84,0.5603248592,1.120649718
8.85,0.5520142519,1.104028504
8.86,0.5436484437,1.087296887
8.87,0.535228271,1.070456542
8.88,0.526754576,1.053509152
8.89,0.5182282059,1.036456412
8.9,0.5096500135,1.019300027
8.91,0.5010208565,1.002041713
8.92,0.4923415978,0.9846831956
8.93,0.4836131053,0.9672262106
8.94,0.474836252,0.949672504
8.95,0.4660119154,0.9320238308
8.96,0.457140978,0.914281956
8.97,0.4482243269,0.8964486538
8.98,0.4392628538,0.8785257076
8.99,0.4302574547,0.8605149094
9,0.4212090303,0.8424180606
9.01,0.4121184852,0.8242369704
9.02,0.4029867287,0.8059734574
9.03,0.3938146739,0.7876293478
9.04,0.3846032379,0.7692064758
9.05,0.3753533419,0.7507066838
9.06,0.3660659109,0.7321318218
9.07,0.3567418736,0.7134837472
9.08,0.3473821624,0.6947643248
9.09,0.3379877132,0.6759754264
9.1,0.3285594656,0.6571189312
9.11,0.3190983623,0.6381967246
9.12,0.3096053495,0.619210699
9.13,0.3000813764,0.6001627528
9.14,0.2905273953,0.5810547906
9.15,0.2809443618,0.5618887236
9.16,0.2713332341,0.5426664682
9.17,0.2616949733,0.5233899466
9.18,0.2520305432,0.5040610864
9.19,0.2423409103,0.4846818206
9.2,0.2326270434,0.4652540868
9.21,0.2228899141,0.4457798282
9.22,0.213130496,0.426260992
9.23,0.2033497649,0.4066995298
9.24,0.1935486991,0.3870973982
9.25,0.1837282786,0.3674565572
9.26,0.1738894854,0.3477789708
9.27,0.1640333034,0.3280666068
9.28,0.1541607182,0.3083214364
9.29,0.144272717,0.288545434
9.3,0.1343702887,0.2687405774
9.31,0.1244544235,0.248908847
9.32,0.114526113,0.229052226
9.33,0.1045863499,0.2091726998
9.34,0.09463612827,0.1892722565
9.35,0.08467644311,0.1693528862
9.36,0.07470829039,0.1494165808
9.37,0.0647326669,0.1294653338
9.38,0.05475057019,0.1095011404
9.39,0.04476299848,0.08952599696
9.4,0.0347709505,0.069541901
9.41,0.02477542545,0.0495508509
9.42,0.01477742289,0.02955484578
9.43,0.00477794259,0.00955588518
9.44,-0.005222015497,-0.01044403099
9.45,-0.01522145139,-0.03044290278
9.46,-0.02521936514,-0.05043873028
9.47,-0.03521475699,-0.07042951398
9.48,-0.04520662738,-0.09041325476
9.49,-0.05519397715,-0.1103879543
9.5,-0.06517580757,-0.1303516151
9.51,-0.07515112046,-0.1503022409
9.52,-0.0851189183,-0.1702378366
9.53,-0.09507820433,-0.1901564087
9.54,-0.1050279826,-0.2100559652
9.55,-0.1149672582,-0.2299345164
9.56,-0.1248950371,-0.2497900742
9.57,-0.1348103267,-0.2696206534
9.58,-0.1447121353,-0.2894242706
9.59,-0.1545994728,-0.3091989456
9.6,-0.1644713505,-0.328942701
9.61,-0.1743267812,-0.3486535624
9.62,-0.1841647794,-0.3683295588
9.63,-0.1939843613,-0.3879687226
9.64,-0.2037845448,-0.4075690896
9.65,-0.2135643501,-0.4271287002
9.66,-0.2233227992,-0.4466455984
9.67,-0.2330589161,-0.4661178322
9.68,-0.2427717274,-0.4855434548
9.69,-0.2524602616,-0.5049205232
9.7,-0.2621235501,-0.5242471002
9.71,-0.2717606264,-0.5435212528
9.72,-0.2813705269,-0.5627410538
9.73,-0.2909522906,-0.5819045812
9.74,-0.3005049592,-0.6010099184
9.75,-0.3100275777,-0.6200551554
9.76,-0.3195191936,-0.6390383872
9.77,-0.3289788579,-0.6579577158
9.78,-0.3384056246,-0.6768112492
9.79,-0.347798551,-0.695597102
9.8,-0.3571566978,-0.7143133956
9.81,-0.3664791293,-0.7329582586
9.82,-0.3757649131,-0.7515298262
9.83,-0.3850131208,-0.7700262416
9.84,-0.3942228274,-0.7884456548
9.85,-0.4033931122,-0.8067862244
9.86,-0.4125230579,-0.8250461158
9.87,-0.4216117517,-0.8432235034
9.88,-0.4306582847,-0.8613165694
9.89,-0.4396617522,-0.8793235044
9.9,-0.4486212538,-0.8972425076
9.91,-0.4575358938,-0.9150717876
9.92,-0.4664047805,-0.932809561
9.93,-0.4752270271,-0.9504540542
9.94,-0.4840017515,-0.968003503
9.95,-0.492728076,-0.985456152
9.96,-0.5014051282,-1.002810256
9.97,-0.5100320402,-1.02006408
9.98,-0.5186079495,-1.037215899
9.99,-0.5271319985,-1.054263997
10,-0.5356033346,-1.071206669
