time,x
0,2.5
0.01,2.480079787
0.02,2.4603183
0.03,2.440714274
0.04,2.421266455
0.05,2.401973598
0.06,2.382834468
0.07,2.36384784
0.08,2.345012499
0.09,2.32632724
0.1,2.307790866
0.11,2.289402192
0.12,2.27116004
0.13,2.253063244
0.14,2.235110644
0.15,2.217301092
0.16,2.199633448
0.17,2.182106581
0.18,2.16471937
0.19,2.147470702
0.2,2.130359472
0.21,2.113384587
0.22,2.096544958
0.23,2.07983951
0.24,2.063267171
0.25,2.046826883
0.26,2.030517592
0.27,2.014338255
0.28,1.998287836
0.29,1.982365308
0.3,1.966569653
0.31,1.950899858
0.32,1.935354922
0.33,1.919933849
0.34,1.904635653
0.35,1.889459354
0.36,1.874403981
0.37,1.85946857
0.38,1.844652166
0.39,1.829953821
0.4,1.815372593
0.41,1.800907549
0.42,1.786557765
0.43,1.77232232
0.44,1.758200305
0.45,1.744190815
0.46,1.730292954
0.47,1.716505833
0.48,1.702828568
0.49,1.689260285
0.5,1.675800115
0.51,1.662447197
0.52,1.649200676
0.53,1.636059705
0.54,1.623023442
0.55,1.610091053
0.56,1.59726171
0.57,1.584534593
0.58,1.571908886
0.59,1.559383782
0.6,1.54695848
0.61,1.534632183
0.62,1.522404103
0.63,1.510273457
0.64,1.49823947
0.65,1.48630137
0.66,1.474458394
0.67,1.462709784
0.68,1.451054788
0.69,1.43949266
0.7,1.42802266
0.71,1.416644053
0.72,1.405356113
0.73,1.394158116
0.74,1.383049345
0.75,1.37202909
0.76,1.361096646
0.77,1.350251312
0.78,1.339492394
0.79,1.328819205
0.8,1.31823106
0.81,1.307727283
0.82,1.2973072
0.83,1.286970146
0.84,1.276715458
0.85,1.266542481
0.86,1.256450563
0.87,1.246439057
0.88,1.236507325
0.89,1.226654729
0.9,1.21688064
0.91,1.207184431
0.92,1.197565483
0.93,1.188023179
0.94,1.178556909
0.95,1.169166068
0.96,1.159850053
0.97,1.150608269
0.98,1.141440124
0.99,1.132345032
1,1.12332241
1.01,1.114371682
1.02,1.105492273
1.03,1.096683617
1.04,1.087945148
1.05,1.079276309
1.06,1.070676543
1.07,1.062145301
1.08,1.053682037
1.09,1.045286209
1.1,1.036957279
1.11,1.028694715
1.12,1.020497988
1.13,1.012366573
1.14,1.00429995
1.15,0.9962976027
1.16,0.9883590186
1.17,0.9804836897
1.18,0.9726711122
1.19,0.9649207859
1.2,0.9572322149
1.21,0.9496049071
1.22,0.9420383744
1.23,0.9345321324
1.24,0.9270857007
1.25,0.9196986029
1.26,0.9123703661
1.27,0.9051005214
1.28,0.8978886033
1.29,0.8907341505
1.3,0.8836367049
1.31,0.8765958124
1.32,0.8696110223
1.33,0.8626818876
1.34,0.8558079649
1.35,0.8489888141
1.36,0.8422239989
1.37,0.8355130864
1.38,0.828855647
1.39,0.8222512546
1.4,0.8156994866
1.41,0.8091999236
1.42,0.8027521497
1.43,0.7963557522
1.44,0.7900103217
1.45,0.7837154522
1.46,0.7774707407
1.47,0.7712757877
1.48,0.7651301965
1.49,0.7590335739
1.5,0.7529855298
1.51,0.746985677
1.52,0.7410336315
1.53,0.7351290124
1.54,0.7292714418
1.55,0.7234605448
1.56,0.7176959496
1.57,0.7119772872
1.58,0.7063041915
1.59,0.7006762996
1.6,0.6950932511
1.61,0.6895546889
1.62,0.6840602584
1.63,0.678609608
1.64,0.6732023889
1.65,0.6678382549
1.66,0.6625168628
1.67,0.657237872
1.68,0.6520009447
1.69,0.6468057456
1.7,0.6416519424
1.71,0.6365392051
1.72,0.6314672065
1.73,0.626435622
1.74,0.6214441296
1.75,0.6164924099
1.76,0.6115801458
1.77,0.6067070231
1.78,0.6018727299
1.79,0.5970769567
1.8,0.5923193967
1.81,0.5875997453
1.82,0.5829177005
1.83,0.5782729626
1.84,0.5736652344
1.85,0.569094221
1.86,0.5645596297
1.87,0.5600611705
1.88,0.5555985554
1.89,0.5511714988
1.9,0.5467797174
1.91,0.54242293
1.92,0.5381008579
1.93,0.5338132245
1.94,0.5295597552
1.95,0.525340178
1.96,0.5211542227
1.97,0.5170016215
1.98,0.5128821085
1.99,0.5087954202
2,0.504741295
2.01,0.5007194734
2.02,0.496729698
2.03,0.4927717134
2.04,0.4888452664
2.05,0.4849501057
2.06,0.481085982
2.07,0.4772526479
2.08,0.4734498582
2.09,0.4696773694
2.1,0.4659349401
2.11,0.4622223308
2.12,0.4585393039
2.13,0.4548856237
2.14,0.4512610563
2.15,0.4476653698
2.16,0.444098334
2.17,0.4405597206
2.18,0.4370493033
2.19,0.4335668572
2.2,0.4301121596
2.21,0.4266849892
2.22,0.4232851269
2.23,0.419912355
2.24,0.4165664576
2.25,0.4132472206
2.26,0.4099544315
2.27,0.4066878797
2.28,0.403447356
2.29,0.4002326531
2.3,0.3970435653
2.31,0.3938798883
2.32,0.3907414198
2.33,0.3876279589
2.34,0.3845393063
2.35,0.3814752644
2.36,0.378435637
2.37,0.3754202296
2.38,0.3724288493
2.39,0.3694613045
2.4,0.3665174053
2.41,0.3635969634
2.42,0.3606997919
2.43,0.3578257052
2.44,0.3549745195
2.45,0.3521460523
2.46,0.3493401226
2.47,0.3465565507
2.48,0.3437951586
2.49,0.3410557695
2.5,0.3383382081
2.51,0.3356423004
2.52,0.332967874
2.53,0.3303147576
2.54,0.3276827815
2.55,0.3250717772
2.56,0.3224815776
2.57,0.3199120169
2.58,0.3173629307
2.59,0.3148341559
2.6,0.3123255305
2.61,0.3098368941
2.62,0.3073680873
2.63,0.3049189522
2.64,0.302489332
2.65,0.3000790713
2.66,0.2976880157
2.67,0.2953160122
2.68,0.2929629091
2.69,0.2906285557
2.7,0.2883128026
2.71,0.2860155016
2.72,0.2837365058
2.73,0.2814756691
2.74,0.279232847
2.75,0.2770078959
2.76,0.2748006734
2.77,0.2726110382
2.78,0.2704388503
2.79,0.2682839705
2.8,0.2661462609
2.81,0.2640255849
2.82,0.2619218065
2.83,0.2598347913
2.84,0.2577644055
2.85,0.2557105168
2.86,0.2536729936
2.87,0.2516517056
2.88,0.2496465234
2.89,0.2476573186
2.9,0.245683964
2.91,0.2437263333
2.92,0.2417843011
2.93,0.2398577432
2.94,0.2379465363
2.95,0.236050558
2.96,0.234169687
2.97,0.232303803
2.98,0.2304527865
2.99,0.2286165191
3,0.2267948832
3.01,0.2249877623
3.02,0.2231950406
3.03,0.2214166035
3.04,0.2196523372
3.05,0.2179021287
3.06,0.2161658659
3.07,0.2144434379
3.08,0.2127347343
3.09,0.2110396459
3.1,0.209358064
3.11,0.2076898811
3.12,0.2060349904
3.13,0.2043932861
3.14,0.202764663
3.15,0.2011490169
3.16,0.1995462444
3.17,0.1979562429
3.18,0.1963789107
3.19,0.1948141468
3.2,0.1932618511
3.21,0.1917219242
3.22,0.1901942676
3.23,0.1886787835
3.24,0.1871753749
3.25,0.1856839455
3.26,0.1842044
3.27,0.1827366437
3.28,0.1812805826
3.29,0.1798361234
3.3,0.1784031739
3.31,0.1769816422
3.32,0.1755714374
3.33,0.1741724692
3.34,0.1727846482
3.35,0.1714078854
3.36,0.1700420928
3.37,0.1686871829
3.38,0.167343069
3.39,0.1660096652
3.4,0.1646868861
3.41,0.1633746469
3.42,0.1620728638
3.43,0.1607814535
3.44,0.1595003331
3.45,0.1582294209
3.46,0.1569686354
3.47,0.1557178959
3.48,0.1544771225
3.49,0.1532462356
3.5,0.1520251566
3.51,0.1508138072
3.52,0.1496121099
3.53,0.1484199879
3.54,0.1472373648
3.55,0.1460641649
3.56,0.1449003132
3.57,0.1437457352
3.58,0.1426003569
3.59,0.1414641051
3.6,0.1403369071
3.61,0.1392186907
3.62,0.1381093843
3.63,0.1370089169
3.64,0.1359172182
3.65,0.1348342183
3.66,0.1337598477
3.67,0.1326940379
3.68,0.1316367205
3.69,0.1305878279
3.7,0.1295472929
3.71,0.1285150491
3.72,0.1274910302
3.73,0.1264751708
3.74,0.1254674059
3.75,0.1244676709
3.76,0.1234759019
3.77,0.1224920354
3.78,0.1215160084
3.79,0.1205477585
3.8,0.1195872237
3.81,0.1186343426
3.82,0.117689054
3.83,0.1167512976
3.84,0.1158210133
3.85,0.1148981416
3.86,0.1139826234
3.87,0.1130744002
3.88,0.1121734137
3.89,0.1112796064
3.9,0.110392921
3.91,0.1095133009
3.92,0.1086406895
3.93,0.1077750313
3.94,0.1069162707
3.95,0.1060643527
3.96,0.1052192229
3.97,0.1043808272
3.98,0.1035491119
3.99,0.1027240237
4,0.1019055099
4.01,0.1010935182
4.02,0.1002879964
4.03,0.09948889311
4.04,0.09869615713
4.05,0.09790973775
4.06,0.09712958462
4.07,0.09635564782
4.08,0.09558787781
4.09,0.09482622546
4.1,0.09407064202
4.11,0.09332107913
4.12,0.09257748883
4.13,0.09183982351
4.14,0.09110803598
4.15,0.09038207939
4.16,0.08966190728
4.17,0.08894747357
4.18,0.08823873252
4.19,0.08753563879
4.2,0.08683814736
4.21,0.08614621361
4.22,0.08545979324
4.23,0.08477884233
4.24,0.0841033173
4.25,0.0834331749
4.26,0.08276837226
4.27,0.08210886682
4.28,0.08145461638
4.29,0.08080557906
4.3,0.08016171332
4.31,0.07952297796
4.32,0.0788893321
4.33,0.07826073518
4.34,0.07763714698
4.35,0.07701852758
4.36,0.0764048374
4.37,0.07579603714
4.38,0.07519208787
4.39,0.07459295091
4.4,0.07399858792
4.41,0.07340896087
4.42,0.07282403202
4.43,0.07224376393
4.44,0.07166811947
4.45,0.07109706179
4.46,0.07053055434
4.47,0.06996856088
4.48,0.06941104543
4.49,0.06885797231
4.5,0.06830930612
4.51,0.06776501175
4.52,0.06722505437
4.53,0.06668939941
4.54,0.06615801259
4.55,0.06563085991
4.56,0.06510790763
4.57,0.06458912228
4.58,0.06407447065
4.59,0.06356391981
4.6,0.06305743709
4.61,0.06255499006
4.62,0.06205654657
4.63,0.06156207472
4.64,0.06107154287
4.65,0.06058491961
4.66,0.06010217382
4.67,0.05962327458
4.68,0.05914819125
4.69,0.05867689342
4.7,0.05820935094
4.71,0.05774553387
4.72,0.05728541254
4.73,0.05682895749
4.74,0.05637613952
4.75,0.05592692964
4.76,0.0554812991
4.77,0.05503921939
4.78,0.0546006622
4.79,0.05416559947
4.8,0.05373400336
4.81,0.05330584625
4.82,0.05288110073
4.83,0.05245973961
4.84,0.05204173594
4.85,0.05162706295
4.86,0.05121569412
4.87,0.05080760311
4.88,0.0504027638
4.89,0.05000115029
4.9,0.04960273686
4.91,0.04920749803
4.92,0.04881540849
4.93,0.04842644316
4.94,0.04804057714
4.95,0.04765778573
4.96,0.04727804443
4.97,0.04690132895
4.98,0.04652761517
4.99,0.04615687917
5,0.04578909722
5.01,0.0454242458
5.02,0.04506230154
5.03,0.04470324128
5.04,0.04434704205
5.05,0.04399368104
5.06,0.04364313564
5.07,0.04329538342
5.08,0.04295040212
5.09,0.04260816966
5.1,0.04226866413
5.11,0.04193186382
5.12,0.04159774715
5.13,0.04126629276
5.14,0.04093747943
5.15,0.04061128611
5.16,0.04028769192
5.17,0.03996667616
5.18,0.03964821828
5.19,0.0393322979
5.2,0.0390188948
5.21,0.03870798892
5.22,0.03839956037
5.23,0.0380935894
5.24,0.03779005644
5.25,0.03748894205
5.26,0.03719022697
5.27,0.03689389207
5.28,0.0365999184
5.29,0.03630828713
5.3,0.03601897961
5.31,0.03573197731
5.32,0.03544726187
5.33,0.03516481507
5.34,0.03488461883
5.35,0.03460665522
5.36,0.03433090644
5.37,0.03405735485
5.38,0.03378598295
5.39,0.03351677336
5.4,0.03324970886
5.41,0.03298477234
5.42,0.03272194687
5.43,0.03246121561
5.44,0.03220256188
5.45,0.03194596912
5.46,0.03169142092
5.47,0.03143890098
5.48,0.03118839314
5.49,0.03093988137
5.5,0.03069334976
5.51,0.03044878253
5.52,0.03020616404
5.53,0.02996547875
5.54,0.02972671127
5.55,0.0294898463
5.56,0.02925486869
5.57,0.02902176341
5.58,0.02879051553
5.59,0.02856111025
5.6,0.02833353289
5.61,0.02810776888
5.62,0.02788380379
5.63,0.02766162326
5.64,0.02744121309
5.65,0.02722255917
5.66,0.0270056475
5.67,0.0267904642
5.68,0.0265769955
5.69,0.02636522774
5.7,0.02615514736
5.71,0.02594674092
5.72,0.02573999508
5.73,0.0255348966
5.74,0.02533143237
5.75,0.02512958936
5.76,0.02492935465
5.77,0.02473071543
5.78,0.02453365899
5.79,0.0243381727
5.8,0.02414424407
5.81,0.02395186068
5.82,0.02376101021
5.83,0.02357168046
5.84,0.0233838593
5.85,0.02319753472
5.86,0.02301269479
5.87,0.02282932767
5.88,0.02264742165
5.89,0.02246696506
5.9,0.02228794637
5.91,0.02211035412
5.92,0.02193417693
5.93,0.02175940354
5.94,0.02158602276
5.95,0.02141402349
5.96,0.02124339473
5.97,0.02107412555
5.98,0.02090620513
5.99,0.0207396227
6,0.02057436762
6.01,0.02041042931
6.02,0.02024779727
6.03,0.0200864611
6.04,0.01992641046
6.05,0.01976763513
6.06,0.01961012493
6.07,0.01945386978
6.08,0.01929885969
6.09,0.01914508473
6.1,0.01899253507
6.11,0.01884120093
6.12,0.01869107264
6.13,0.01854214058
6.14,0.01839439522
6.15,0.01824782712
6.16,0.01810242688
6.17,0.0179581852
6.18,0.01781509285
6.19,0.01767314067
6.2,0.01753231958
6.21,0.01739262057
6.22,0.01725403468
6.23,0.01711655307
6.24,0.01698016691
6.25,0.0168448675
6.26,0.01671064616
6.27,0.01657749431
6.28,0.01644540342
6.29,0.01631436505
6.3,0.0161843708
6.31,0.01605541235
6.32,0.01592748146
6.33,0.01580056993
6.34,0.01567466964
6.35,0.01554977254
6.36,0.01542587063
6.37,0.01530295598
6.38,0.01518102072
6.39,0.01506005705
6.4,0.01494005724
6.41,0.01482101359
6.42,0.01470291849
6.43,0.01458576438
6.44,0.01446954377
6.45,0.01435424921
6.46,0.01423987333
6.47,0.01412640881
6.48,0.01401384838
6.49,0.01390218484
6.5,0.01379141105
6.51,0.01368151991
6.52,0.0135725044
6.53,0.01346435753
6.54,0.01335707238
6.55,0.01325064209
6.56,0.01314505985
6.57,0.01304031889
6.58,0.01293641252
6.59,0.01283333408
6.6,0.01273107698
6.61,0.01262963468
6.62,0.01252900067
6.63,0.01242916853
6.64,0.01233013185
6.65,0.01223188431
6.66,0.01213441962
6.67,0.01203773153
6.68,0.01194181386
6.69,0.01184666047
6.7,0.01175226527
6.71,0.01165862222
6.72,0.01156572532
6.73,0.01147356864
6.74,0.01138214627
6.75,0.01129145236
6.76,0.0112014811
6.77,0.01111222675
6.78,0.01102368358
6.79,0.01093584593
6.8,0.01084870818
6.81,0.01076226475
6.82,0.0106765101
6.83,0.01059143876
6.84,0.01050704528
6.85,0.01042332424
6.86,0.01034027031
6.87,0.01025787816
6.88,0.01017614251
6.89,0.01009505814
6.9,0.01001461986
6.91,0.009934822511
6.92,0.009855661
6.93,0.009777130253
6.94,0.009699225247
6.95,0.009621940994
6.96,0.009545272549
6.97,0.009469215004
6.98,0.009393763493
6.99,0.009318913185
7,0.009244659291
7.01,0.009170997059
7.02,0.009097921773
7.03,0.009025428758
7.04,0.008953513373
7.05,0.008882171016
7.06,0.008811397121
7.07,0.008741187158
7.08,0.008671536634
7.09,0.008602441092
7.1,0.008533896109
7.11,0.008465897298
7.12,0.008398440307
7.13,0.008331520819
7.14,0.008265134552
7.15,0.008199277256
7.16,0.008133944716
7.17,0.008069132752
7.18,0.008004837215
7.19,0.007941053991
7.2,0.007877778996
7.21,0.007815008182
7.22,0.007752737531
7.23,0.007690963059
7.24,0.00762968081
7.25,0.007568886863
7.26,0.007508577328
7.27,0.007448748345
7.28,0.007389396084
7.29,0.007330516746
7.3,0.007272106565
7.31,0.0072141618
7.32,0.007156678745
7.33,0.007099653719
7.34,0.007043083073
7.35,0.006986963188
7.36,0.00693129047
7.37,0.006876061357
7.38,0.006821272315
7.39,0.006766919836
7.4,0.006713000442
7.41,0.006659510683
7.42,0.006606447135
7.43,0.006553806402
7.44,0.006501585114
7.45,0.00644977993
7.46,0.006398387534
7.47,0.006347404638
7.48,0.006296827977
7.49,0.006246654315
7.5,0.006196880442
7.51,0.006147503171
7.52,0.006098519342
7.53,0.00604992582
7.54,0.006001719496
7.55,0.005953897284
7.56,0.005906456123
7.57,0.005859392978
7.58,0.005812704836
7.59,0.005766388709
7.6,0.005720441632
7.61,0.005674860666
7.62,0.005629642893
7.63,0.005584785419
7.64,0.005540285373
7.65,0.005496139908
7.66,0.005452346197
7.67,0.005408901438
7.68,0.005365802851
7.69,0.005323047677
7.7,0.005280633179
7.71,0.005238556644
7.72,0.005196815379
7.73,0.005155406711
7.74,0.005114327992
7.75,0.005073576591
7.76,0.0050331499
7.77,0.004993045333
7.78,0.004953260323
7.79,0.004913792323
7.8,0.004874638807
7.81,0.00483579727
7.82,0.004797265226
7.83,0.004759040208
7.84,0.00472111977
7.85,0.004683501486
7.86,0.004646182947
7.87,0.004609161765
7.88,0.004572435572
7.89,0.004536002016
7.9,0.004499858766
7.91,0.004464003508
7.92,0.004428433948
7.93,0.004393147809
7.94,0.004358142833
7.95,0.00432341678
7.96,0.004288967427
7.97,0.004254792569
7.98,0.004220890019
7.99,0.004187257608
8,0.004153893183
8.01,0.004120794608
8.02,0.004087959766
8.03,0.004055386554
8.04,0.004023072889
8.05,0.003991016702
8.06,0.003959215941
8.07,0.003927668571
8.08,0.003896372573
8.09,0.003865325945
8.1,0.003834526698
8.11,0.003803972863
8.12,0.003773662483
8.13,0.003743593619
8.14,0.003713764347
8.15,0.003684172756
8.16,0.003654816954
8.17,0.003625695061
8.18,0.003596805214
8.19,0.003568145564
8.2,0.003539714276
8.21,0.003511509531
8.22,0.003483529524
8.23,0.003455772464
8.24,0.003428236575
8.25,0.003400920094
8.26,0.003373821273
8.27,0.003346938378
8.28,0.003320269688
8.29,0.003293813496
8.3,0.00326756811
8.31,0.003241531849
8.32,0.003215703047
8.33,0.003190080051
8.34,0.003164661222
8.35,0.003139444931
8.36,0.003114429567
8.37,0.003089613527
8.38,0.003064995223
8.39,0.00304057308
8.4,0.003016345535
8.41,0.002992311037
8.42,0.002968468048
8.43,0.002944815041
8.44,0.002921350504
8.45,0.002898072935
8.46,0.002874980843
8.47,0.002852072751
8.48,0.002829347192
8.49,0.002806802713
8.5,0.00278443787
8.51,0.002762251232
8.52,0.002740241379
8.53,0.002718406902
8.54,0.002696746404
8.55,0.002675258499
8.56,0.002653941812
8.57,0.002632794977
8.58,0.002611816643
8.59,0.002591005465
8.6,0.002570360113
8.61,0.002549879265
8.62,0.00252956161
8.63,0.002509405847
8.64,0.002489410688
8.65,0.002469574851
8.66,0.002449897069
8.67,0.00243037608
8.68,0.002411010637
8.69,0.002391799498
8.7,0.002372741436
8.71,0.002353835231
8.72,0.002335079671
8.73,0.002316473557
8.74,0.002298015699
8.75,0.002279704914
8.76,0.002261540031
8.77,0.002243519887
8.78,0.00222564333
8.79,0.002207909214
8.8,0.002190316406
8.81,0.002172863778
8.82,0.002155550214
8.83,0.002138374607
8.84,0.002121335856
8.85,0.002104432871
8.86,0.002087664571
8.87,0.002071029882
8.88,0.002054527739
8.89,0.002038157087
8.9,0.002021916878
8.91,0.002005806072
8.92,0.001989823638
8.93,0.001973968554
8.94,0.001958239805
8.95,0.001942636383
8.96,0.001927157291
8.97,0.001911801538
8.98,0.00189656814
8.99,0.001881456124
9,0.001866464521
9.01,0.001851592373
9.02,0.001836838727
9.03,0.00182220264
9.04,0.001807683174
9.05,0.0017932794
9.06,0.001778990397
9.07,0.00176481525
9.08,0.001750753052
9.09,0.001736802903
9.1,0.001722963909
9.11,0.001709235186
9.12,0.001695615855
9.13,0.001682105043
9.14,0.001668701887
9.15,0.001655405528
9.16,0.001642215116
9.17,0.001629129806
9.18,0.001616148761
9.19,0.00160327115
9.2,0.001590496149
9.21,0.00157782294
9.22,0.001565250713
9.23,0.001552778662
9.24,0.001540405989
9.25,0.001528131903
9.26,0.001515955618
9.27,0.001503876354
9.28,0.001491893339
9.29,0.001480005806
9.3,0.001468212994
9.31,0.001456514148
9.32,0.001444908519
9.33,0.001433395365
9.34,0.001421973948
9.35,0.001410643539
9.36,0.001399403411
9.37,0.001388252846
9.38,0.001377191129
9.39,0.001366217552
9.4,0.001355331415
9.41,0.001344532019
9.42,0.001333818673
9.43,0.001323190692
9.44,0.001312647396
9.45,0.00130218811
9.46,0.001291812164
9.47,0.001281518895
9.48,0.001271307643
9.49,0.001261177755
9.5,0.001251128584
9.51,0.001241159485
9.52,0.00123126982
9.53,0.001221458957
9.54,0.001211726268
9.55,0.00120207113
9.56,0.001192492925
9.57,0.00118299104
9.58,0.001173564866
9.59,0.001164213802
9.6,0.001154937247
9.61,0.001145734609
9.62,0.001136605298
9.63,0.00112754873
9.64,0.001118564326
9.65,0.00110965151
9.66,0.001100809712
9.67,0.001092038367
9.68,0.001083336912
9.69,0.001074704791
9.7,0.001066141452
9.71,0.001057646346
9.72,0.00104921893
9.73,0.001040858664
9.74,0.001032565013
9.75,0.001024337447
9.76,0.001016175439
9.77,0.001008078467
9.78,0.001000046012
9.79,0.0009920775601
9.8,0.0009841726017
9.81,0.0009763306305
9.82,0.0009685511449
9.83,0.0009608336469
9.84,0.0009531776426
9.85,0.000945582642
9.86,0.000938048159
9.87,0.0009305737113
9.88,0.0009231588208
9.89,0.0009158030127
9.9,0.0009085058163
9.91,0.0009012667645
9.92,0.0008940853942
9.93,0.0008869612456
9.94,0.0008798938629
9.95,0.0008728827937
9.96,0.0008659275892
9.97,0.0008590278045
9.98,0.0008521829977
9.99,0.000845392731
10,0.0008386565698
